8HBP4RO7E,27
8HBVV5BYF,27
8HB2NEI02,27
8HB3L402N,27
8HB8DV553,27
8HBJ16SKS,27
8HBFTU4Q7,27
8HBGJ4764,27
8HB2P588Y,27
8HBQ1J435,27
8HB713284,27
8HBU1I23M,27
8HB3R8619,27
8HB14J12W,27
8HB5WKL3D,27
8HBRQI7FG,27
8HB3KKFG7,27
8HBSRD725,27
8HBOM5GN0,27
8HB3RL35Y,27
8HBPK2J3V,27
8HB47Q6SM,27
8HB4F6Q48,27
8HBII42IM,27
8HBX59DG9,27
8HB74V7G4,27
8HB4GXECS,27
8HBBC9360,27
8HB625F1V,27
8HBBNE74R,27
8HBSM8H3L,27
8HB53J459,27
8HB2AEOX6,27
8HB4R66JL,27
8HB2ZH227,27
8HB35EWCY,27
8HBR0614L,27
8HB811S86,27
8HB6NX2NB,27
8HB3GH1O1,27
8HB728KMX,27
8HBJFP8U1,27
8HB4D4NZ5,27
8HBX8YMKO,27
8HBNQ4CC6,27
8HBCQ3L25,27
8HBXA85J6,27
8HB3DT8TD,27
8HB6B43S3,27
8HB5U6128,27
8HB2S2R83,27
8HBKQ1BK9,27
8HB8378K7,27
8HB1CIU98,27
8HB34A70W,27
8HBU76854,27
8HB18GJ2C,27
8HB293E2D,27
8HB75UXH6,27
8HB2NQ46B,27
8HBSVTTE7,27
8HB2E3X83,27
8HB53C6U4,27
8HBCQ65FG,27
8HBRZF4M3,27
8HB31625Z,27
8HB3284EW,27
8HBTYBJV5,27
8HB3DOB74,27
8HBL8LORC,27
8HBL47924,27
8HBVUGI11,27
8HBIS6I8G,27
8HBV723JF,27
8HB83O9I7,27
8HB557417,27
8HBEY7IY6,27
8HBK78BB1,27
8HBGSG6YC,27
8HBF8530Z,27
8HBS80155,27
8HBZXLP38,27
8HB1G1GL7,27
8HBW63YAC,27
8HBWNYT17,27
8HB8MJ57R,27
8HBF23R76,27
8HBZG6QS4,27
8HB7T6BII,27
8HBP6XF6C,27
8HB7L3GQ5,27
8HB11Z1NI,27
8HB6GDOBH,27
8HB25A1DE,27
8HBH367YB,27
8HBH63T6V,27
8HBW0588R,27
8HBNVB2M6,27
8HBS06N0L,27
8HBTCN6T2,27
8HBIQWF8L,27
8HB91P4A5,27
8HBOS62Q5,27
8HBN8VE30,27
8HBY6B8QY,27
8HBP3JHXT,27
8HBTR90Y2,27
8HB23L6JM,27
8HB9MKOQ3,27
8HBD56K2T,27
8HBL2PV67,27
8HB277720,27
8HBDF42YY,27
8HB156RDO,27
8HB97B1U4,27
8HBB86U11,27
8HBF1S160,27
8HB1466O1,27
8HB3847JS,27
8HB8253GS,27
8HBC6S590,27
8HBE8WF07,27
8HB6QRY32,27
8HB4629RS,27
8HBW2Y2V2,27
8HB3K2RIK,27
8HBH593Y1,27
8HB4Y7681,27
8HBEV429B,27
8HB9C45M4,27
8HBFDI6L4,27
8HBH57866,27
8HBO3OYFZ,27
8HB98M8O3,27
8HBQ64D1C,27
8HBYJU1FK,27
8HB12M3P9,27
8HB1F11C1,27
8HB5PE8Y3,27
8HBJ25FRU,27
8HBHTF346,27
8HB7M31PC,27
8HBNO18B3,27
8HB2X161T,27
8HBG9PBJN,27
8HB878O5W,27
8HBEJQM7U,27
8HB278IZF,27
8HBLL7RBL,27
8HBEAREM9,27
8HBJHFBU0,27
8HBX214G5,27
8HB3G013Q,27
8HBPQLKR2,27
8HBB93V66,27
8HB64144M,27
8HBIM1XL3,27
8HBSYV0G0,27
8HBD8189U,27
8HBQ97663,27
8HBWQYP4J,27
8HBMX1W11,27
8HBAP2UPO,27
8HBWJ8MI9,27
8HB32VI99,27
8HB4R1LEP,27
8HB4K2255,27
8HB9U89I5,27
8HB53483N,27
8HBRYSNSC,27
8HB7X36J0,27
8HBT0ST62,27
8HBLD5248,27
8HB8LA0N9,27
8HBGT4SCR,27
8HB93J6UO,27
8HBK424KS,27
8HBX3W5XU,27
8HBSWE2YW,27
8HB7WS3TY,27
8HB296EN3,27
8HB1IT8E4,27
8HBP7W544,27
8HB345H43,27
8HB3XTJD3,27
8HBTM4FFX,27
8HB1EWN7Z,27
8HBGR4Q51,27
8HB32K2F4,27
8HBNH4835,27
8HBL01V7O,27
8HB6ZV5GL,27
8HBKH44MV,27
8HBGTE83S,27
8HB65TH36,27
8HB45KBMJ,27
8HB9BULTM,27
8HB87V4V8,27
8HBCS8XU0,27
8HBF7L1Q1,27
8HB9P40EN,27
8HB1HK7EU,27
8HBIV332K,27
8HB1PP5US,27
8HBZ8HG51,27
8HBY3C57D,27
8HB7MF4VD,27
8HBV13Y44,27
8HB52H78H,27
8HBUT1136,27
8HB4WZ381,27
8HBEF2PU6,27
8HB1X5N26,27
8HBV0GWK7,27
8HBS17485,27
8HBAB276N,27
8HB6Q5N71,27
8HBGU3ON1,27
8HBXX760J,27
8HBY4Q8U4,27
8HBJCHEVI,27
8HB43JMPB,27
8HB665977,27
8HBIXWS3T,27
8HBY6FI2N,27
