HB Customer ID,Product Type ID,Provider ID,External Publisher Code
8HBP4RO7E,27,10000,7CU483N2B
8HBP4RO7E,27,77,8HBP4RO7E
8HBP4RO7E,27,184,8HBP4RO7E
8HBP4RO7E,27,99,NULL
8HBP4RO7E,27,3008,7CU483N2B
8HBP4RO7E,27,188,8HBP4RO7E
8HBP4RO7E,27,193,NULL
8HBP4RO7E,27,192,NULL
8HBP4RO7E,27,226,NULL
8HBVV5BYF,27,3008,7CU5492IR
8HBVV5BYF,27,99,NULL
8HBVV5BYF,27,192,NULL
8HBVV5BYF,27,10000,7CU5492IR
8HBVV5BYF,27,80,7CU5492IR
8HBVV5BYF,27,97,7CU5492IR
8HBVV5BYF,27,82,7CU5492IR
8HBVV5BYF,27,226,NULL
8HBVV5BYF,27,193,NULL
8HBVV5BYF,27,148,7CU5492IR
8HBVV5BYF,27,175,7CU5492IR
8HBVV5BYF,27,178,7CU5492IR
8HBVV5BYF,27,109,7CU5492IR
8HB2NEI02,27,99,NULL
8HB2NEI02,27,188,8HB2NEI02
8HB2NEI02,27,77,8HB2NEI02
8HB2NEI02,27,184,8HB2NEI02
8HB2NEI02,27,192,NULL
8HB2NEI02,27,10000,7CU6A4L6S
8HB2NEI02,27,226,NULL
8HB2NEI02,27,193,NULL
8HB2NEI02,27,3008,7CU6A4L6S
8HB3L402N,27,99,NULL
8HB3L402N,27,226,NULL
8HB3L402N,27,10000,7CU98735N
8HB8DV553,27,77,8HB8DV553
8HB8DV553,27,226,NULL
8HB8DV553,27,99,NULL
8HB8DV553,27,188,8HB8DV553
8HB8DV553,27,184,8HB8DV553
8HB8DV553,27,10000,7CUHIP32W
8HBJ16SKS,27,99,NULL
8HBJ16SKS,27,10000,7CUMGE445
8HBFTU4Q7,27,192,NULL
8HBFTU4Q7,27,77,8HBFTU4Q7
8HBFTU4Q7,27,188,8HBFTU4Q7
8HBFTU4Q7,27,3008,7CUU426UL
8HBFTU4Q7,27,184,8HBFTU4Q7
8HBFTU4Q7,27,10000,7CUU426UL
8HBFTU4Q7,27,193,NULL
8HBFTU4Q7,27,99,NULL
8HBFTU4Q7,27,226,NULL
8HBGJ4764,27,97,7CUV51O64
8HBGJ4764,27,175,7CUV51O64
8HBGJ4764,27,99,NULL
8HBGJ4764,27,3015,7CUV51O64
8HBGJ4764,27,77,8HBGJ4764
8HBGJ4764,27,193,NULL
8HBGJ4764,27,80,7CUV51O64
8HBGJ4764,27,192,NULL
8HBGJ4764,27,188,8HBGJ4764
8HBGJ4764,27,10000,7CUV51O64
8HBGJ4764,27,145,100600
8HBGJ4764,27,2013,7CUV51O64
8HBGJ4764,27,203,7CUV51O64
8HBGJ4764,27,148,7CUV51O64
8HBGJ4764,27,178,7CUV51O64
8HBGJ4764,27,11,540538235
8HBGJ4764,27,82,7CUV51O64
8HBGJ4764,27,3008,7CUV51O64
8HBGJ4764,27,184,8HBGJ4764
8HBGJ4764,27,84,8HBGJ4764
8HBGJ4764,27,109,7CUV51O64
8HBGJ4764,27,226,NULL
8HBGJ4764,27,126,7CUV51O64
8HB2P588Y,27,77,8HB2P588Y
8HB2P588Y,27,188,8HB2P588Y
8HB2P588Y,27,184,8HB2P588Y
8HB2P588Y,27,10000,8CU111TM4
8HB2P588Y,27,99,NULL
8HB2P588Y,27,3008,8CU111TM4
8HBQ1J435,27,226,NULL
8HBQ1J435,27,184,8HBQ1J435
8HBQ1J435,27,3008,8CU116O3Y
8HBQ1J435,27,10000,8CU116O3Y
8HBQ1J435,27,193,NULL
8HBQ1J435,27,188,8HBQ1J435
8HBQ1J435,27,192,NULL
8HBQ1J435,27,99,NULL
8HBQ1J435,27,77,8HBQ1J435
8HB713284,27,3008,8CU13YRY7
8HB713284,27,99,NULL
8HB713284,27,193,NULL
8HB713284,27,226,NULL
8HB713284,27,192,NULL
8HB713284,27,77,8HB713284
8HB713284,27,188,8HB713284
8HB713284,27,184,8HB713284
8HB713284,27,10000,8CU13YRY7
8HBU1I23M,27,77,8HBU1I23M
8HBU1I23M,27,99,NULL
8HBU1I23M,27,188,8HBU1I23M
8HBU1I23M,27,10000,8CU14X8NE
8HBU1I23M,27,184,8HBU1I23M
8HBU1I23M,27,84,8HBU1I23M
8HBU1I23M,27,97,8CU14X8NE
8HBU1I23M,27,226,NULL
8HB3R8619,27,10000,8CU187X65
8HB3R8619,27,175,8CU187X65
8HB3R8619,27,99,NULL
8HB3R8619,27,203,8CU187X65
8HB3R8619,27,97,8CU187X65
8HB3R8619,27,178,8CU187X65
8HB3R8619,27,201,8CU187X65
8HB3R8619,27,80,8CU187X65
8HB3R8619,27,214,8CU187X65
8HB3R8619,27,222,8CU187X65
8HB14J12W,27,10000,8CU197G16
8HB14J12W,27,99,NULL
8HB14J12W,27,226,NULL
8HB5WKL3D,27,188,8HB5WKL3D
8HB5WKL3D,27,226,NULL
8HB5WKL3D,27,192,NULL
8HB5WKL3D,27,10000,8CU1GR4A6
8HB5WKL3D,27,184,8HB5WKL3D
8HB5WKL3D,27,99,NULL
8HB5WKL3D,27,3008,8CU1GR4A6
8HB5WKL3D,27,77,8HB5WKL3D
8HB5WKL3D,27,193,NULL
8HBRQI7FG,27,226,NULL
8HBRQI7FG,27,193,NULL
8HBRQI7FG,27,3008,8CU1W5DMU
8HBRQI7FG,27,55,540877066
8HBRQI7FG,27,192,NULL
8HBRQI7FG,27,99,NULL
8HBRQI7FG,27,10000,8CU1W5DMU
8HB3KKFG7,27,55,540871133
8HB3KKFG7,27,192,NULL
8HB3KKFG7,27,3008,8CU1Y6VT3
8HB3KKFG7,27,188,8HB3KKFG7
8HB3KKFG7,27,184,8HB3KKFG7
8HB3KKFG7,27,193,NULL
8HB3KKFG7,27,226,NULL
8HB3KKFG7,27,77,8HB3KKFG7
8HB3KKFG7,27,99,NULL
8HB3KKFG7,27,10000,8CU1Y6VT3
8HBSRD725,27,184,8HBSRD725
8HBSRD725,27,99,NULL
8HBSRD725,27,77,8HBSRD725
8HBSRD725,27,188,8HBSRD725
8HBSRD725,27,10000,8CU214S2A
8HBOM5GN0,27,184,8HBOM5GN0
8HBOM5GN0,27,77,8HBOM5GN0
8HBOM5GN0,27,193,NULL
8HBOM5GN0,27,226,NULL
8HBOM5GN0,27,192,NULL
8HBOM5GN0,27,3008,8CU22UOG1
8HBOM5GN0,27,10000,8CU22UOG1
8HBOM5GN0,27,188,8HBOM5GN0
8HBOM5GN0,27,99,NULL
8HB3RL35Y,27,10000,8CU23APTW
8HB3RL35Y,27,3008,8CU23APTW
8HB3RL35Y,27,77,8HB3RL35Y
8HB3RL35Y,27,184,8HB3RL35Y
8HB3RL35Y,27,99,NULL
8HB3RL35Y,27,188,8HB3RL35Y
8HBPK2J3V,27,77,8HBPK2J3V
8HBPK2J3V,27,188,8HBPK2J3V
8HBPK2J3V,27,226,NULL
8HBPK2J3V,27,10000,8CU23M2RC
8HBPK2J3V,27,99,NULL
8HBPK2J3V,27,184,8HBPK2J3V
8HB47Q6SM,27,10000,8CU24NF9W
8HB47Q6SM,27,97,8CU24NF9W
8HB47Q6SM,27,84,8HB47Q6SM
8HB47Q6SM,27,226,NULL
8HB47Q6SM,27,82,8CU24NF9W
8HB47Q6SM,27,178,8CU24NF9W
8HB47Q6SM,27,148,8CU24NF9W
8HB47Q6SM,27,192,NULL
8HB47Q6SM,27,175,8CU24NF9W
8HB47Q6SM,27,145,100600
8HB47Q6SM,27,109,8CU24NF9W
8HB47Q6SM,27,99,NULL
8HB47Q6SM,27,193,NULL
8HB4F6Q48,27,201,8CU24Q536
8HB4F6Q48,27,226,NULL
8HB4F6Q48,27,214,8CU24Q536
8HB4F6Q48,27,222,8CU24Q536
8HB4F6Q48,27,203,8CU24Q536
8HB4F6Q48,27,184,8HB4F6Q48
8HB4F6Q48,27,178,8CU24Q536
8HB4F6Q48,27,10000,8CU24Q536
8HB4F6Q48,27,175,8CU24Q536
8HB4F6Q48,27,188,8HB4F6Q48
8HB4F6Q48,27,97,8CU24Q536
8HB4F6Q48,27,77,8HB4F6Q48
8HB4F6Q48,27,99,NULL
8HB4F6Q48,27,80,8CU24Q536
8HBII42IM,27,99,NULL
8HBII42IM,27,178,8CU252XO2
8HBII42IM,27,3008,8CU252XO2
8HBII42IM,27,214,8CU252XO2
8HBII42IM,27,188,8HBII42IM
8HBII42IM,27,175,8CU252XO2
8HBII42IM,27,10000,8CU252XO2
8HBII42IM,27,80,8CU252XO2
8HBII42IM,27,201,8CU252XO2
8HBII42IM,27,203,8CU252XO2
8HBII42IM,27,222,8CU252XO2
8HBII42IM,27,97,8CU252XO2
8HBII42IM,27,77,8HBII42IM
8HBII42IM,27,184,8HBII42IM
8HBX59DG9,27,184,8HBX59DG9
8HBX59DG9,27,201,8CU25Y354
8HBX59DG9,27,214,8CU25Y354
8HBX59DG9,27,188,8HBX59DG9
8HBX59DG9,27,77,8HBX59DG9
8HBX59DG9,27,178,8CU25Y354
8HBX59DG9,27,97,8CU25Y354
8HBX59DG9,27,10000,8CU25Y354
8HBX59DG9,27,80,8CU25Y354
8HBX59DG9,27,175,8CU25Y354
8HBX59DG9,27,222,8CU25Y354
8HBX59DG9,27,99,NULL
8HBX59DG9,27,203,8CU25Y354
8HB4GXECS,27,3008,8CU2855H6
8HB4GXECS,27,184,8HB4GXECS
8HB4GXECS,27,97,8CU2855H6
8HB4GXECS,27,77,8HB4GXECS
8HB4GXECS,27,80,8CU2855H6
8HB4GXECS,27,82,8CU2855H6
8HB4GXECS,27,99,NULL
8HB4GXECS,27,148,8CU2855H6
8HB4GXECS,27,192,NULL
8HB4GXECS,27,109,8CU2855H6
8HB4GXECS,27,226,NULL
8HB4GXECS,27,175,8CU2855H6
8HB4GXECS,27,188,8HB4GXECS
8HB4GXECS,27,10000,8CU2855H6
8HB4GXECS,27,193,NULL
8HB4GXECS,27,84,8HB4GXECS
8HB4GXECS,27,178,8CU2855H6
8HBBC9360,27,184,8HBBC9360
8HBBC9360,27,3008,8CU2IH314
8HBBC9360,27,84,8HBBC9360
8HBBC9360,27,201,8CU2IH314
8HBBC9360,27,77,8HBBC9360
8HBBC9360,27,222,8CU2IH314
8HBBC9360,27,148,8CU2IH314
8HBBC9360,27,226,NULL
8HBBC9360,27,56,8CU2IH314
8HBBC9360,27,97,8CU2IH314
8HBBC9360,27,193,NULL
8HBBC9360,27,82,8CU2IH314
8HBBC9360,27,10000,8CU2IH314
8HBBC9360,27,192,NULL
8HBBC9360,27,203,8CU2IH314
8HBBC9360,27,80,8CU2IH314
8HBBC9360,27,175,8CU2IH314
8HBBC9360,27,178,8CU2IH314
8HBBC9360,27,214,8CU2IH314
8HBBC9360,27,109,8CU2IH314
8HBBC9360,27,99,NULL
8HBBC9360,27,188,8HBBC9360
8HB625F1V,27,10000,8CU2LC283
8HB625F1V,27,226,NULL
8HB625F1V,27,3015,8CU2LC283
8HB625F1V,27,99,NULL
8HBBNE74R,27,226,NULL
8HBBNE74R,27,193,NULL
8HBBNE74R,27,178,8CU2PX1NJ
8HBBNE74R,27,77,8HBBNE74R
8HBBNE74R,27,192,NULL
8HBBNE74R,27,10000,8CU2PX1NJ
8HBBNE74R,27,82,8CU2PX1NJ
8HBBNE74R,27,184,8HBBNE74R
8HBBNE74R,27,148,8CU2PX1NJ
8HBBNE74R,27,188,8HBBNE74R
8HBBNE74R,27,80,8CU2PX1NJ
8HBBNE74R,27,99,NULL
8HBBNE74R,27,175,8CU2PX1NJ
8HBBNE74R,27,3008,8CU2PX1NJ
8HBBNE74R,27,97,8CU2PX1NJ
8HBBNE74R,27,109,8CU2PX1NJ
8HBSM8H3L,27,148,8CU2T6ISR
8HBSM8H3L,27,10000,8CU2T6ISR
8HBSM8H3L,27,97,8CU2T6ISR
8HBSM8H3L,27,99,NULL
8HBSM8H3L,27,3015,8CU2T6ISR
8HBSM8H3L,27,178,8CU2T6ISR
8HBSM8H3L,27,226,NULL
8HBSM8H3L,27,175,8CU2T6ISR
8HB53J459,27,10000,8CU2X4VS7
8HB53J459,27,99,NULL
8HB53J459,27,226,NULL
8HB2AEOX6,27,99,NULL
8HB2AEOX6,27,10000,8CU31XW7J
8HB4R66JL,27,145,100600
8HB4R66JL,27,84,8HB4R66JL
8HB4R66JL,27,10000,8CU33I2VR
8HB4R66JL,27,3008,8CU33I2VR
8HB4R66JL,27,99,NULL
8HB4R66JL,27,77,8HB4R66JL
8HB4R66JL,27,193,NULL
8HB4R66JL,27,226,NULL
8HB4R66JL,27,148,8CU33I2VR
8HB4R66JL,27,3015,8CU33I2VR
8HB4R66JL,27,175,8CU33I2VR
8HB4R66JL,27,11,540624485
8HB4R66JL,27,97,8CU33I2VR
8HB4R66JL,27,192,NULL
8HB4R66JL,27,109,8CU33I2VR
8HB4R66JL,27,178,8CU33I2VR
8HB4R66JL,27,188,8HB4R66JL
8HB4R66JL,27,80,8CU33I2VR
8HB4R66JL,27,184,8HB4R66JL
8HB4R66JL,27,82,8CU33I2VR
8HB2ZH227,27,184,8HB2ZH227
8HB2ZH227,27,99,NULL
8HB2ZH227,27,188,8HB2ZH227
8HB2ZH227,27,77,8HB2ZH227
8HB2ZH227,27,10000,8CU34SJNY
8HB35EWCY,27,193,NULL
8HB35EWCY,27,188,8HB35EWCY
8HB35EWCY,27,3008,8CU36Q081
8HB35EWCY,27,77,8HB35EWCY
8HB35EWCY,27,10000,8CU36Q081
8HB35EWCY,27,184,8HB35EWCY
8HB35EWCY,27,99,NULL
8HB35EWCY,27,192,NULL
8HBR0614L,27,188,8HBR0614L
8HBR0614L,27,184,8HBR0614L
8HBR0614L,27,97,8CU3F2UWF
8HBR0614L,27,10000,8CU3F2UWF
8HBR0614L,27,11,8CU3F2UWF
8HBR0614L,27,99,NULL
8HBR0614L,27,3015,8CU3F2UWF
8HBR0614L,27,148,8CU3F2UWF
8HBR0614L,27,3008,8CU3F2UWF
8HBR0614L,27,226,NULL
8HBR0614L,27,175,8CU3F2UWF
8HBR0614L,27,2013,8CU3F2UWF
8HBR0614L,27,178,8CU3F2UWF
8HBR0614L,27,77,8HBR0614L
8HB811S86,27,188,8HB811S86
8HB811S86,27,148,8CU425I6H
8HB811S86,27,10000,8CU425I6H
8HB811S86,27,109,8CU425I6H
8HB811S86,27,84,8HB811S86
8HB811S86,27,99,NULL
8HB811S86,27,3015,8CU425I6H
8HB811S86,27,192,NULL
8HB811S86,27,193,NULL
8HB811S86,27,97,8CU425I6H
8HB811S86,27,145,100600
8HB811S86,27,226,NULL
8HB811S86,27,3008,8CU425I6H
8HB811S86,27,80,8CU425I6H
8HB811S86,27,82,8CU425I6H
8HB811S86,27,77,8HB811S86
8HB811S86,27,175,8CU425I6H
8HB811S86,27,178,8CU425I6H
8HB811S86,27,184,8HB811S86
8HB6NX2NB,27,192,NULL
8HB6NX2NB,27,226,NULL
8HB6NX2NB,27,109,8CU42X4I2
8HB6NX2NB,27,97,8CU42X4I2
8HB6NX2NB,27,77,8HB6NX2NB
8HB6NX2NB,27,222,8CU42X4I2
8HB6NX2NB,27,193,NULL
8HB6NX2NB,27,102,8CU42X4I2
8HB6NX2NB,27,10000,8CU42X4I2
8HB6NX2NB,27,188,8HB6NX2NB
8HB6NX2NB,27,201,8CU42X4I2
8HB6NX2NB,27,203,8CU42X4I2
8HB6NX2NB,27,184,8HB6NX2NB
8HB6NX2NB,27,178,8CU42X4I2
8HB6NX2NB,27,148,8CU42X4I2
8HB6NX2NB,27,214,8CU42X4I2
8HB6NX2NB,27,86,8CU42X4I2
8HB6NX2NB,27,99,NULL
8HB6NX2NB,27,41,8CU42X4I2
8HB6NX2NB,27,80,8CU42X4I2
8HB6NX2NB,27,3008,8CU42X4I2
8HB6NX2NB,27,175,8CU42X4I2
8HB6NX2NB,27,82,8CU42X4I2
8HB6NX2NB,27,84,8HB6NX2NB
8HB3GH1O1,27,184,8HB3GH1O1
8HB3GH1O1,27,226,NULL
8HB3GH1O1,27,77,8HB3GH1O1
8HB3GH1O1,27,188,8HB3GH1O1
8HB3GH1O1,27,10000,8CU4497V9
8HB3GH1O1,27,99,NULL
8HB728KMX,27,3015,8CU4565A5
8HB728KMX,27,193,NULL
8HB728KMX,27,10000,8CU4565A5
8HB728KMX,27,188,8HB728KMX
8HB728KMX,27,192,NULL
8HB728KMX,27,184,8HB728KMX
8HB728KMX,27,77,8HB728KMX
8HB728KMX,27,99,NULL
8HB728KMX,27,3008,8CU4565A5
8HB728KMX,27,226,NULL
8HBJFP8U1,27,99,NULL
8HBJFP8U1,27,77,8HBJFP8U1
8HBJFP8U1,27,10000,8CU45FGV8
8HBJFP8U1,27,3008,8CU45FGV8
8HBJFP8U1,27,188,8HBJFP8U1
8HBJFP8U1,27,184,8HBJFP8U1
8HB4D4NZ5,27,77,8HB4D4NZ5
8HB4D4NZ5,27,10000,8CU45G60T
8HB4D4NZ5,27,99,NULL
8HB4D4NZ5,27,226,NULL
8HB4D4NZ5,27,192,NULL
8HB4D4NZ5,27,184,8HB4D4NZ5
8HB4D4NZ5,27,82,8CU45G60T
8HB4D4NZ5,27,84,8HB4D4NZ5
8HB4D4NZ5,27,145,100600
8HB4D4NZ5,27,3008,8CU45G60T
8HB4D4NZ5,27,97,8CU45G60T
8HB4D4NZ5,27,175,8CU45G60T
8HB4D4NZ5,27,109,8CU45G60T
8HB4D4NZ5,27,148,8CU45G60T
8HB4D4NZ5,27,193,NULL
8HB4D4NZ5,27,178,8CU45G60T
8HB4D4NZ5,27,188,8HB4D4NZ5
8HBX8YMKO,27,99,NULL
8HBX8YMKO,27,226,NULL
8HBX8YMKO,27,188,8HBX8YMKO
8HBX8YMKO,27,77,8HBX8YMKO
8HBX8YMKO,27,10000,8CU46638H
8HBX8YMKO,27,184,8HBX8YMKO
8HBNQ4CC6,27,184,8HBNQ4CC6
8HBNQ4CC6,27,226,NULL
8HBNQ4CC6,27,188,8HBNQ4CC6
8HBNQ4CC6,27,10000,8CU46EV29
8HBNQ4CC6,27,77,8HBNQ4CC6
8HBNQ4CC6,27,99,NULL
8HBCQ3L25,27,77,8HBCQ3L25
8HBCQ3L25,27,148,8CU47A33X
8HBCQ3L25,27,84,8HBCQ3L25
8HBCQ3L25,27,97,8CU47A33X
8HBCQ3L25,27,109,8CU47A33X
8HBCQ3L25,27,80,8CU47A33X
8HBCQ3L25,27,82,8CU47A33X
8HBCQ3L25,27,3008,8CU47A33X
8HBCQ3L25,27,145,100600
8HBCQ3L25,27,3015,8CU47A33X
8HBCQ3L25,27,2013,8CU47A33X
8HBCQ3L25,27,192,NULL
8HBCQ3L25,27,10000,8CU47A33X
8HBCQ3L25,27,175,8CU47A33X
8HBCQ3L25,27,188,8HBCQ3L25
8HBCQ3L25,27,193,NULL
8HBCQ3L25,27,226,NULL
8HBCQ3L25,27,203,8CU47A33X
8HBCQ3L25,27,99,NULL
8HBCQ3L25,27,178,8CU47A33X
8HBCQ3L25,27,184,8HBCQ3L25
8HBXA85J6,27,10000,8CU4CX7TE
8HBXA85J6,27,99,NULL
8HBXA85J6,27,226,NULL
8HB3DT8TD,27,3008,8CU4D6E7D
8HB3DT8TD,27,226,NULL
8HB3DT8TD,27,99,NULL
8HB3DT8TD,27,10000,8CU4D6E7D
8HB6B43S3,27,77,8HB6B43S3
8HB6B43S3,27,10000,8CU4EBTN8
8HB6B43S3,27,99,NULL
8HB6B43S3,27,56,8CU4EBTN8
8HB6B43S3,27,109,8CU4EBTN8
8HB6B43S3,27,3008,8CU4EBTN8
8HB6B43S3,27,80,8CU4EBTN8
8HB6B43S3,27,41,8CU4EBTN8
8HB6B43S3,27,82,8CU4EBTN8
8HB6B43S3,27,84,8HB6B43S3
8HB6B43S3,27,102,8CU4EBTN8
8HB6B43S3,27,226,NULL
8HB6B43S3,27,86,8CU4EBTN8
8HB6B43S3,27,97,8CU4EBTN8
8HB6B43S3,27,188,8HB6B43S3
8HB6B43S3,27,184,8HB6B43S3
8HB5U6128,27,82,8CU4FBB0A
8HB5U6128,27,226,NULL
8HB5U6128,27,10000,8CU4FBB0A
8HB5U6128,27,3008,8CU4FBB0A
8HB5U6128,27,148,8CU4FBB0A
8HB5U6128,27,192,NULL
8HB5U6128,27,109,8CU4FBB0A
8HB5U6128,27,80,8CU4FBB0A
8HB5U6128,27,97,8CU4FBB0A
8HB5U6128,27,99,NULL
8HB5U6128,27,175,8CU4FBB0A
8HB5U6128,27,178,8CU4FBB0A
8HB5U6128,27,193,NULL
8HB2S2R83,27,10000,8CU4M5S65
8HB2S2R83,27,184,8HB2S2R83
8HB2S2R83,27,226,NULL
8HB2S2R83,27,188,8HB2S2R83
8HB2S2R83,27,192,NULL
8HB2S2R83,27,193,NULL
8HB2S2R83,27,3008,8CU4M5S65
8HB2S2R83,27,99,NULL
8HB2S2R83,27,77,8HB2S2R83
8HBKQ1BK9,27,77,8HBKQ1BK9
8HBKQ1BK9,27,99,NULL
8HBKQ1BK9,27,188,8HBKQ1BK9
8HBKQ1BK9,27,226,NULL
8HBKQ1BK9,27,10000,8CU4QG7EZ
8HBKQ1BK9,27,193,NULL
8HBKQ1BK9,27,3008,8CU4QG7EZ
8HBKQ1BK9,27,192,NULL
8HBKQ1BK9,27,184,8HBKQ1BK9
8HB8378K7,27,109,8CU4T23X1
8HB8378K7,27,10000,8CU4T23X1
8HB8378K7,27,178,8CU4T23X1
8HB8378K7,27,141,8CU4T23X1
8HB8378K7,27,145,100600
8HB8378K7,27,80,8CU4T23X1
8HB8378K7,27,99,NULL
8HB8378K7,27,184,8HB8378K7
8HB8378K7,27,77,8HB8378K7
8HB8378K7,27,55,540551953
8HB8378K7,27,226,NULL
8HB8378K7,27,203,8CU4T23X1
8HB8378K7,27,97,8CU4T23X1
8HB8378K7,27,188,8HB8378K7
8HB8378K7,27,11,540551953
8HB8378K7,27,3015,8CU4T23X1
8HB8378K7,27,148,8CU4T23X1
8HB8378K7,27,82,8CU4T23X1
8HB8378K7,27,175,8CU4T23X1
8HB8378K7,27,84,8HB8378K7
8HB8378K7,27,41,8CU4T23X1
8HB8378K7,27,3008,8CU4T23X1
8HB8378K7,27,193,NULL
8HB8378K7,27,136,8CU4T23X1
8HB8378K7,27,135,8CU4T23X1
8HB8378K7,27,192,8CU4T23X1
8HB1CIU98,27,184,8HB1CIU98
8HB1CIU98,27,226,NULL
8HB1CIU98,27,77,8HB1CIU98
8HB1CIU98,27,193,NULL
8HB1CIU98,27,3008,8CU4WS8EL
8HB1CIU98,27,10000,8CU4WS8EL
8HB1CIU98,27,192,NULL
8HB1CIU98,27,188,8HB1CIU98
8HB1CIU98,27,99,NULL
8HB34A70W,27,175,8CU4XK16P
8HB34A70W,27,82,8CU4XK16P
8HB34A70W,27,97,8CU4XK16P
8HB34A70W,27,99,NULL
8HB34A70W,27,201,8CU4XK16P
8HB34A70W,27,84,8HB34A70W
8HB34A70W,27,203,8CU4XK16P
8HB34A70W,27,3015,8CU4XK16P
8HB34A70W,27,193,NULL
8HB34A70W,27,109,8CU4XK16P
8HB34A70W,27,214,8CU4XK16P
8HB34A70W,27,56,8CU4XK16P
8HB34A70W,27,192,NULL
8HB34A70W,27,3008,8CU4XK16P
8HB34A70W,27,222,8CU4XK16P
8HB34A70W,27,178,8CU4XK16P
8HB34A70W,27,10000,8CU4XK16P
8HB34A70W,27,226,NULL
8HB34A70W,27,188,8HB34A70W
8HB34A70W,27,77,8HB34A70W
8HB34A70W,27,80,8CU4XK16P
8HB34A70W,27,184,8HB34A70W
8HBU76854,27,192,NULL
8HBU76854,27,97,8CU50YX82
8HBU76854,27,3008,8CU50YX82
8HBU76854,27,193,NULL
8HBU76854,27,214,8CU50YX82
8HBU76854,27,188,8HBU76854
8HBU76854,27,226,NULL
8HBU76854,27,222,8CU50YX82
8HBU76854,27,80,8CU50YX82
8HBU76854,27,184,8HBU76854
8HBU76854,27,99,NULL
8HBU76854,27,77,8HBU76854
8HBU76854,27,10000,8CU50YX82
8HBU76854,27,175,8CU50YX82
8HBU76854,27,178,8CU50YX82
8HBU76854,27,201,8CU50YX82
8HBU76854,27,203,8CU50YX82
8HB18GJ2C,27,99,NULL
8HB18GJ2C,27,188,8HB18GJ2C
8HB18GJ2C,27,3015,8CU513041
8HB18GJ2C,27,184,8HB18GJ2C
8HB18GJ2C,27,10000,8CU513041
8HB18GJ2C,27,226,NULL
8HB18GJ2C,27,77,8HB18GJ2C
8HB293E2D,27,192,NULL
8HB293E2D,27,193,NULL
8HB293E2D,27,188,8HB293E2D
8HB293E2D,27,10000,8CU51J88J
8HB293E2D,27,77,8HB293E2D
8HB293E2D,27,184,8HB293E2D
8HB293E2D,27,3008,8CU51J88J
8HB293E2D,27,226,NULL
8HB293E2D,27,99,NULL
8HB75UXH6,27,10000,8CU51W528
8HB75UXH6,27,99,NULL
8HB75UXH6,27,80,NULL
8HB75UXH6,27,178,NULL
8HB75UXH6,27,97,8CU6UX3DY
8HB2NQ46B,27,193,NULL
8HB2NQ46B,27,214,8CU5354Z8
8HB2NQ46B,27,99,NULL
8HB2NQ46B,27,192,NULL
8HB2NQ46B,27,222,8CU5354Z8
8HB2NQ46B,27,80,8CU5354Z8
8HB2NQ46B,27,3008,8CU5354Z8
8HB2NQ46B,27,97,8CU5354Z8
8HB2NQ46B,27,184,8HB2NQ46B
8HB2NQ46B,27,226,NULL
8HB2NQ46B,27,178,8CU5354Z8
8HB2NQ46B,27,175,8CU5354Z8
8HB2NQ46B,27,201,8CU5354Z8
8HB2NQ46B,27,188,8HB2NQ46B
8HB2NQ46B,27,203,8CU5354Z8
8HB2NQ46B,27,10000,8CU5354Z8
8HB2NQ46B,27,77,8HB2NQ46B
8HBSVTTE7,27,222,8CU56KSVY
8HBSVTTE7,27,80,8CU56KSVY
8HBSVTTE7,27,214,8CU56KSVY
8HBSVTTE7,27,3008,8CU56KSVY
8HBSVTTE7,27,77,8HBSVTTE7
8HBSVTTE7,27,10000,8CU56KSVY
8HBSVTTE7,27,175,8CU56KSVY
8HBSVTTE7,27,203,8CU56KSVY
8HBSVTTE7,27,97,8CU56KSVY
8HBSVTTE7,27,178,8CU56KSVY
8HBSVTTE7,27,99,NULL
8HBSVTTE7,27,201,8CU56KSVY
8HBSVTTE7,27,193,NULL
8HBSVTTE7,27,184,8HBSVTTE7
8HBSVTTE7,27,192,NULL
8HBSVTTE7,27,188,8HBSVTTE7
8HB2E3X83,27,222,8CU572NVL
8HB2E3X83,27,77,8HB2E3X83
8HB2E3X83,27,80,8CU572NVL
8HB2E3X83,27,175,8CU572NVL
8HB2E3X83,27,184,8HB2E3X83
8HB2E3X83,27,188,8HB2E3X83
8HB2E3X83,27,99,NULL
8HB2E3X83,27,201,8CU572NVL
8HB2E3X83,27,3008,8CU572NVL
8HB2E3X83,27,10000,8CU572NVL
8HB2E3X83,27,203,8CU572NVL
8HB2E3X83,27,192,NULL
8HB2E3X83,27,226,NULL
8HB2E3X83,27,193,NULL
8HB2E3X83,27,97,8CU572NVL
8HB2E3X83,27,178,8CU572NVL
8HB2E3X83,27,214,8CU572NVL
8HB53C6U4,27,99,NULL
8HB53C6U4,27,10000,8CU5AE59N
8HBCQ65FG,27,184,8HBCQ65FG
8HBCQ65FG,27,77,8HBCQ65FG
8HBCQ65FG,27,188,8HBCQ65FG
8HBCQ65FG,27,99,NULL
8HBCQ65FG,27,10000,8CU62JYNC
8HBCQ65FG,27,226,NULL
8HBRZF4M3,27,3008,8CU64T1YC
8HBRZF4M3,27,184,8HBRZF4M3
8HBRZF4M3,27,99,NULL
8HBRZF4M3,27,56,8CU64T1YC
8HBRZF4M3,27,97,8CU64T1YC
8HBRZF4M3,27,109,8CU64T1YC
8HBRZF4M3,27,80,8CU64T1YC
8HBRZF4M3,27,10000,8CU64T1YC
8HBRZF4M3,27,82,8CU64T1YC
8HBRZF4M3,27,3015,8CU64T1YC
8HBRZF4M3,27,192,NULL
8HBRZF4M3,27,193,NULL
8HBRZF4M3,27,188,8HBRZF4M3
8HBRZF4M3,27,77,8HBRZF4M3
8HBRZF4M3,27,226,NULL
8HBRZF4M3,27,84,8HBRZF4M3
8HB31625Z,27,77,8HB31625Z
8HB31625Z,27,10000,8CU666V4P
8HB31625Z,27,99,NULL
8HB31625Z,27,188,8HB31625Z
8HB31625Z,27,184,8HB31625Z
8HB3284EW,27,10000,8CU6791G3
8HB3284EW,27,99,NULL
8HBTYBJV5,27,192,NULL
8HBTYBJV5,27,184,8HBTYBJV5
8HBTYBJV5,27,10000,8CU68XKVS
8HBTYBJV5,27,193,NULL
8HBTYBJV5,27,188,8HBTYBJV5
8HBTYBJV5,27,226,NULL
8HBTYBJV5,27,77,8HBTYBJV5
8HBTYBJV5,27,3008,8CU68XKVS
8HBTYBJV5,27,99,NULL
8HB3DOB74,27,10000,8CU691XQ3
8HB3DOB74,27,192,NULL
8HB3DOB74,27,188,8HB3DOB74
8HB3DOB74,27,55,540871174
8HB3DOB74,27,3008,8CU691XQ3
8HB3DOB74,27,99,NULL
8HB3DOB74,27,193,NULL
8HB3DOB74,27,77,8HB3DOB74
8HB3DOB74,27,184,8HB3DOB74
8HBL8LORC,27,226,NULL
8HBL8LORC,27,99,NULL
8HBL8LORC,27,10000,8CU6L7O7Q
8HBL47924,27,178,8CU6UX3DY
8HBL47924,27,82,8CU6UX3DY
8HBL47924,27,97,8CU6UX3DY
8HBL47924,27,203,8CU6UX3DY
8HBL47924,27,214,8CU6UX3DY
8HBL47924,27,226,NULL
8HBL47924,27,80,8CU6UX3DY
8HBL47924,27,188,8HBL47924
8HBL47924,27,201,8CU6UX3DY
8HBL47924,27,109,8CU6UX3DY
8HBL47924,27,99,NULL
8HBL47924,27,3008,8CU6UX3DY
8HBL47924,27,10000,8CU6UX3DY
8HBL47924,27,222,8CU6UX3DY
8HBL47924,27,192,NULL
8HBL47924,27,77,8HBL47924
8HBL47924,27,175,8CU6UX3DY
8HBL47924,27,193,NULL
8HBL47924,27,184,8HBL47924
8HBVUGI11,27,10000,8CU6V22T1
8HBVUGI11,27,184,8HBVUGI11
8HBVUGI11,27,192,NULL
8HBVUGI11,27,99,NULL
8HBVUGI11,27,226,NULL
8HBVUGI11,27,77,8HBVUGI11
8HBVUGI11,27,193,NULL
8HBVUGI11,27,188,8HBVUGI11
8HBIS6I8G,27,77,8HBIS6I8G
8HBIS6I8G,27,99,NULL
8HBIS6I8G,27,188,8HBIS6I8G
8HBIS6I8G,27,226,NULL
8HBIS6I8G,27,10000,8CU743376
8HBIS6I8G,27,184,8HBIS6I8G
8HBV723JF,27,3008,8CU756CML
8HBV723JF,27,10000,8CU756CML
8HBV723JF,27,226,NULL
8HBV723JF,27,188,8HBV723JF
8HBV723JF,27,192,NULL
8HBV723JF,27,77,8HBV723JF
8HBV723JF,27,193,NULL
8HBV723JF,27,99,NULL
8HBV723JF,27,184,8HBV723JF
8HB83O9I7,27,99,NULL
8HB83O9I7,27,3008,8CU75KLGE
8HB83O9I7,27,203,8CU75KLGE
8HB83O9I7,27,188,8HB83O9I7
8HB83O9I7,27,222,8CU75KLGE
8HB83O9I7,27,77,8HB83O9I7
8HB83O9I7,27,97,8CU75KLGE
8HB83O9I7,27,178,8CU75KLGE
8HB83O9I7,27,80,8CU75KLGE
8HB83O9I7,27,175,8CU75KLGE
8HB83O9I7,27,201,8CU75KLGE
8HB83O9I7,27,226,NULL
8HB83O9I7,27,192,NULL
8HB83O9I7,27,184,8HB83O9I7
8HB83O9I7,27,10000,8CU75KLGE
8HB83O9I7,27,214,8CU75KLGE
8HB83O9I7,27,193,NULL
8HB557417,27,99,NULL
8HB557417,27,10000,8CU782177
8HBEY7IY6,27,188,8HBEY7IY6
8HBEY7IY6,27,77,8HBEY7IY6
8HBEY7IY6,27,10000,8CU78YYPY
8HBEY7IY6,27,193,NULL
8HBEY7IY6,27,99,NULL
8HBEY7IY6,27,184,8HBEY7IY6
8HBEY7IY6,27,192,NULL
8HBEY7IY6,27,3008,8CU78YYPY
8HBEY7IY6,27,226,NULL
8HBK78BB1,27,10000,8CU7B5W4L
8HBK78BB1,27,226,NULL
8HBK78BB1,27,3008,8CU7B5W4L
8HBK78BB1,27,82,8CU7B5W4L
8HBK78BB1,27,193,NULL
8HBK78BB1,27,97,8CU7B5W4L
8HBK78BB1,27,99,NULL
8HBK78BB1,27,80,8CU7B5W4L
8HBK78BB1,27,192,NULL
8HBGSG6YC,27,102,8CU7C3FM2
8HBGSG6YC,27,80,8CU7C3FM2
8HBGSG6YC,27,192,NULL
8HBGSG6YC,27,3008,8CU7C3FM2
8HBGSG6YC,27,77,8HBGSG6YC
8HBGSG6YC,27,184,8HBGSG6YC
8HBGSG6YC,27,82,8CU7C3FM2
8HBGSG6YC,27,109,8CU7C3FM2
8HBGSG6YC,27,86,8CU7C3FM2
8HBGSG6YC,27,193,NULL
8HBGSG6YC,27,99,NULL
8HBGSG6YC,27,10000,8CU7C3FM2
8HBGSG6YC,27,175,8CU7C3FM2
8HBGSG6YC,27,41,8CU7C3FM2
8HBGSG6YC,27,178,8CU7C3FM2
8HBGSG6YC,27,188,8HBGSG6YC
8HBGSG6YC,27,226,NULL
8HBGSG6YC,27,148,8CU7C3FM2
8HBGSG6YC,27,97,8CU7C3FM2
8HBF8530Z,27,99,NULL
8HBF8530Z,27,10000,8CU7N6860
8HBS80155,27,178,8CU7P1D3C
8HBS80155,27,203,8CU7P1D3C
8HBS80155,27,77,8HBS80155
8HBS80155,27,97,8CU7P1D3C
8HBS80155,27,226,NULL
8HBS80155,27,3008,8CU7P1D3C
8HBS80155,27,10000,8CU7P1D3C
8HBS80155,27,192,NULL
8HBS80155,27,214,8CU7P1D3C
8HBS80155,27,188,8HBS80155
8HBS80155,27,175,8CU7P1D3C
8HBS80155,27,222,8CU7P1D3C
8HBS80155,27,80,8CU7P1D3C
8HBS80155,27,201,8CU7P1D3C
8HBS80155,27,99,NULL
8HBS80155,27,184,8HBS80155
8HBS80155,27,193,NULL
8HBZXLP38,27,99,NULL
8HBZXLP38,27,184,8HBZXLP38
8HBZXLP38,27,10000,8CU802W0F
8HBZXLP38,27,188,8HBZXLP38
8HBZXLP38,27,77,8HBZXLP38
8HBZXLP38,27,226,NULL
8HB1G1GL7,27,226,NULL
8HB1G1GL7,27,77,8HB1G1GL7
8HB1G1GL7,27,10000,8CU8175K7
8HB1G1GL7,27,3008,8CU8175K7
8HB1G1GL7,27,178,8CU8175K7
8HB1G1GL7,27,188,8HB1G1GL7
8HB1G1GL7,27,2013,8CU8175K7
8HB1G1GL7,27,148,8CU8175K7
8HB1G1GL7,27,184,8HB1G1GL7
8HB1G1GL7,27,97,8CU8175K7
8HB1G1GL7,27,99,NULL
8HB1G1GL7,27,175,8CU8175K7
8HBW63YAC,27,188,8HBW63YAC
8HBW63YAC,27,99,NULL
8HBW63YAC,27,10000,8CU82SO68
8HBW63YAC,27,77,8HBW63YAC
8HBW63YAC,27,193,NULL
8HBW63YAC,27,226,NULL
8HBW63YAC,27,184,8HBW63YAC
8HBW63YAC,27,3008,8CU82SO68
8HBW63YAC,27,192,NULL
8HBWNYT17,27,192,NULL
8HBWNYT17,27,226,NULL
8HBWNYT17,27,99,NULL
8HBWNYT17,27,3008,8CU83P0NN
8HBWNYT17,27,10000,8CU83P0NN
8HBWNYT17,27,193,NULL
8HB8MJ57R,27,10000,8CU83S3K8
8HB8MJ57R,27,203,8CU83S3K8
8HB8MJ57R,27,80,8CU83S3K8
8HB8MJ57R,27,222,8CU83S3K8
8HB8MJ57R,27,201,8CU83S3K8
8HB8MJ57R,27,97,8CU83S3K8
8HB8MJ57R,27,99,NULL
8HB8MJ57R,27,175,8CU83S3K8
8HB8MJ57R,27,77,8HB8MJ57R
8HB8MJ57R,27,188,8HB8MJ57R
8HB8MJ57R,27,178,8CU83S3K8
8HB8MJ57R,27,214,8CU83S3K8
8HB8MJ57R,27,184,8HB8MJ57R
8HBF23R76,27,3008,8CU852J65
8HBF23R76,27,10000,8CU852J65
8HBF23R76,27,192,NULL
8HBF23R76,27,99,NULL
8HBF23R76,27,77,8HBF23R76
8HBF23R76,27,188,8HBF23R76
8HBF23R76,27,184,8HBF23R76
8HBF23R76,27,226,NULL
8HBF23R76,27,193,NULL
8HBZG6QS4,27,192,NULL
8HBZG6QS4,27,226,NULL
8HBZG6QS4,27,99,NULL
8HBZG6QS4,27,188,8HBZG6QS4
8HBZG6QS4,27,77,8HBZG6QS4
8HBZG6QS4,27,3008,8CU87W13U
8HBZG6QS4,27,184,8HBZG6QS4
8HBZG6QS4,27,193,NULL
8HBZG6QS4,27,10000,8CU87W13U
8HB7T6BII,27,184,8HB7T6BII
8HB7T6BII,27,188,8HB7T6BII
8HB7T6BII,27,10000,8CU892L68
8HB7T6BII,27,3008,8CU892L68
8HB7T6BII,27,192,NULL
8HB7T6BII,27,226,NULL
8HB7T6BII,27,77,8HB7T6BII
8HB7T6BII,27,193,NULL
8HB7T6BII,27,99,NULL
8HBP6XF6C,27,99,NULL
8HBP6XF6C,27,226,NULL
8HBP6XF6C,27,192,NULL
8HBP6XF6C,27,10000,8CU8E9E78
8HBP6XF6C,27,184,8HBP6XF6C
8HBP6XF6C,27,188,8HBP6XF6C
8HBP6XF6C,27,77,8HBP6XF6C
8HBP6XF6C,27,193,NULL
8HBP6XF6C,27,3008,8CU8E9E78
8HB7L3GQ5,27,77,8HB7L3GQ5
8HB7L3GQ5,27,10000,8CU8FHV35
8HB7L3GQ5,27,192,NULL
8HB7L3GQ5,27,3015,8CU8FHV35
8HB7L3GQ5,27,148,8CU8FHV35
8HB7L3GQ5,27,80,8CU8FHV35
8HB7L3GQ5,27,82,8CU8FHV35
8HB7L3GQ5,27,188,8HB7L3GQ5
8HB7L3GQ5,27,203,8CU8FHV35
8HB7L3GQ5,27,145,8CU8FHV35
8HB7L3GQ5,27,3008,8CU8FHV35
8HB7L3GQ5,27,99,NULL
8HB7L3GQ5,27,222,8CU8FHV35
8HB7L3GQ5,27,226,NULL
8HB7L3GQ5,27,193,NULL
8HB7L3GQ5,27,178,8CU8FHV35
8HB7L3GQ5,27,201,8CU8FHV35
8HB7L3GQ5,27,214,8CU8FHV35
8HB7L3GQ5,27,109,8CU8FHV35
8HB7L3GQ5,27,2013,8CU8FHV35
8HB7L3GQ5,27,184,8HB7L3GQ5
8HB7L3GQ5,27,175,8CU8FHV35
8HB7L3GQ5,27,97,8CU8FHV35
8HB11Z1NI,27,188,8HB11Z1NI
8HB11Z1NI,27,77,8HB11Z1NI
8HB11Z1NI,27,192,NULL
8HB11Z1NI,27,226,NULL
8HB11Z1NI,27,99,NULL
8HB11Z1NI,27,184,8HB11Z1NI
8HB11Z1NI,27,193,NULL
8HB11Z1NI,27,3008,8CU8FOR58
8HB11Z1NI,27,10000,8CU8FOR58
8HB6GDOBH,27,99,NULL
8HB6GDOBH,27,193,NULL
8HB6GDOBH,27,10000,8CU8GH010
8HB6GDOBH,27,192,NULL
8HB6GDOBH,27,226,NULL
8HB25A1DE,27,3008,8CU8L15W1
8HB25A1DE,27,97,8CU8L15W1
8HB25A1DE,27,102,8CU8L15W1
8HB25A1DE,27,108,8CU8L15W1
8HB25A1DE,27,10000,8CU8L15W1
8HB25A1DE,27,109,8CU8L15W1
8HB25A1DE,27,193,NULL
8HB25A1DE,27,214,8CU8L15W1
8HB25A1DE,27,203,8CU8L15W1
8HB25A1DE,27,226,NULL
8HB25A1DE,27,148,8CU8L15W1
8HB25A1DE,27,80,8CU8L15W1
8HB25A1DE,27,188,8HB25A1DE
8HB25A1DE,27,86,8CU8L15W1
8HB25A1DE,27,175,8CU8L15W1
8HB25A1DE,27,82,8CU8L15W1
8HB25A1DE,27,99,NULL
8HB25A1DE,27,145,8CU8L15W1
8HB25A1DE,27,184,8HB25A1DE
8HB25A1DE,27,84,8HB25A1DE
8HB25A1DE,27,41,8CU8L15W1
8HB25A1DE,27,141,8CU8L15W1
8HB25A1DE,27,201,8CU8L15W1
8HB25A1DE,27,192,NULL
8HB25A1DE,27,178,8CU8L15W1
8HB25A1DE,27,222,8CU8L15W1
8HB25A1DE,27,3015,8CU8L15W1
8HB25A1DE,27,77,8HB25A1DE
8HBH367YB,27,184,8HBH367YB
8HBH367YB,27,99,NULL
8HBH367YB,27,77,8HBH367YB
8HBH367YB,27,226,NULL
8HBH367YB,27,10000,8CU8O13H4
8HBH367YB,27,188,8HBH367YB
8HBH63T6V,27,10000,8CU8SCK7T
8HBH63T6V,27,184,8HBH63T6V
8HBH63T6V,27,193,NULL
8HBH63T6V,27,188,8HBH63T6V
8HBH63T6V,27,77,8HBH63T6V
8HBH63T6V,27,99,NULL
8HBH63T6V,27,192,NULL
8HBH63T6V,27,226,NULL
8HBH63T6V,27,3008,8CU8SCK7T
8HBW0588R,27,188,8HBW0588R
8HBW0588R,27,192,NULL
8HBW0588R,27,184,8HBW0588R
8HBW0588R,27,99,NULL
8HBW0588R,27,77,8HBW0588R
8HBW0588R,27,193,NULL
8HBW0588R,27,10000,8CU8T1HM4
8HBNVB2M6,27,99,NULL
8HBNVB2M6,27,188,8HBNVB2M6
8HBNVB2M6,27,77,8HBNVB2M6
8HBNVB2M6,27,148,8CU9855QM
8HBNVB2M6,27,203,8CU9855QM
8HBNVB2M6,27,226,NULL
8HBNVB2M6,27,97,8CU9855QM
8HBNVB2M6,27,184,8HBNVB2M6
8HBNVB2M6,27,178,8CU9855QM
8HBNVB2M6,27,175,8CU9855QM
8HBNVB2M6,27,10000,8CU9855QM
8HBS06N0L,27,201,8CU9DODSK
8HBS06N0L,27,102,8CU9DODSK
8HBS06N0L,27,192,NULL
8HBS06N0L,27,175,8CU9DODSK
8HBS06N0L,27,77,8HBS06N0L
8HBS06N0L,27,10000,8CU9DODSK
8HBS06N0L,27,3008,8CU9DODSK
8HBS06N0L,27,80,8CU9DODSK
8HBS06N0L,27,184,8HBS06N0L
8HBS06N0L,27,188,8HBS06N0L
8HBS06N0L,27,214,8CU9DODSK
8HBS06N0L,27,86,8CU9DODSK
8HBS06N0L,27,41,8CU9DODSK
8HBS06N0L,27,193,NULL
8HBS06N0L,27,222,8CU9DODSK
8HBS06N0L,27,99,NULL
8HBS06N0L,27,203,8CU9DODSK
8HBS06N0L,27,178,8CU9DODSK
8HBS06N0L,27,97,8CU9DODSK
8HBTCN6T2,27,99,NULL
8HBTCN6T2,27,3008,8CU9F6GAU
8HBTCN6T2,27,175,8CU9F6GAU
8HBTCN6T2,27,188,8HBTCN6T2
8HBTCN6T2,27,201,8CU9F6GAU
8HBTCN6T2,27,192,NULL
8HBTCN6T2,27,77,8HBTCN6T2
8HBTCN6T2,27,203,8CU9F6GAU
8HBTCN6T2,27,178,8CU9F6GAU
8HBTCN6T2,27,222,8CU9F6GAU
8HBTCN6T2,27,214,8CU9F6GAU
8HBTCN6T2,27,80,8CU9F6GAU
8HBTCN6T2,27,193,NULL
8HBTCN6T2,27,226,NULL
8HBTCN6T2,27,184,8HBTCN6T2
8HBTCN6T2,27,10000,8CU9F6GAU
8HBTCN6T2,27,97,8CU9F6GAU
8HBIQWF8L,27,226,NULL
8HBIQWF8L,27,82,8CU9TC097
8HBIQWF8L,27,80,8CU9TC097
8HBIQWF8L,27,214,8CU9TC097
8HBIQWF8L,27,192,NULL
8HBIQWF8L,27,201,8CU9TC097
8HBIQWF8L,27,3008,8CU9TC097
8HBIQWF8L,27,193,NULL
8HBIQWF8L,27,99,NULL
8HBIQWF8L,27,3015,8CU9TC097
8HBIQWF8L,27,84,8HBIQWF8L
8HBIQWF8L,27,184,8HBIQWF8L
8HBIQWF8L,27,175,8CU9TC097
8HBIQWF8L,27,178,8CU9TC097
8HBIQWF8L,27,145,100600
8HBIQWF8L,27,77,8HBIQWF8L
8HBIQWF8L,27,10000,8CU9TC097
8HBIQWF8L,27,188,8HBIQWF8L
8HBIQWF8L,27,148,8CU9TC097
8HBIQWF8L,27,203,8CU9TC097
8HBIQWF8L,27,97,8CU9TC097
8HBIQWF8L,27,222,8CU9TC097
8HBIQWF8L,27,109,8CU9TC097
8HB91P4A5,27,3008,8CUB185U1
8HB91P4A5,27,10000,8CUB185U1
8HB91P4A5,27,188,8HB91P4A5
8HB91P4A5,27,77,8HB91P4A5
8HB91P4A5,27,184,8HB91P4A5
8HB91P4A5,27,193,NULL
8HB91P4A5,27,99,NULL
8HB91P4A5,27,192,NULL
8HB91P4A5,27,226,NULL
8HBOS62Q5,27,97,8CUB24T15
8HBOS62Q5,27,178,8CUB24T15
8HBOS62Q5,27,188,8HBOS62Q5
8HBOS62Q5,27,175,8CUB24T15
8HBOS62Q5,27,80,8CUB24T15
8HBOS62Q5,27,77,8HBOS62Q5
8HBOS62Q5,27,99,NULL
8HBOS62Q5,27,3008,8CUB24T15
8HBOS62Q5,27,148,8CUB24T15
8HBOS62Q5,27,56,8CUB24T15
8HBOS62Q5,27,226,NULL
8HBOS62Q5,27,184,8HBOS62Q5
8HBOS62Q5,27,82,8CUB24T15
8HBOS62Q5,27,193,NULL
8HBOS62Q5,27,203,8CUB24T15
8HBOS62Q5,27,84,8CUB24T15
8HBOS62Q5,27,10000,8CUB24T15
8HBOS62Q5,27,109,8CUB24T15
8HBOS62Q5,27,192,NULL
8HBN8VE30,27,214,8CUB8HCV1
8HBN8VE30,27,192,NULL
8HBN8VE30,27,188,8HBN8VE30
8HBN8VE30,27,203,8CUB8HCV1
8HBN8VE30,27,3008,8CUB8HCV1
8HBN8VE30,27,175,8CUB8HCV1
8HBN8VE30,27,77,8HBN8VE30
8HBN8VE30,27,193,NULL
8HBN8VE30,27,99,NULL
8HBN8VE30,27,80,8CUB8HCV1
8HBN8VE30,27,222,8CUB8HCV1
8HBN8VE30,27,97,8CUB8HCV1
8HBN8VE30,27,10000,8CUB8HCV1
8HBN8VE30,27,226,NULL
8HBN8VE30,27,201,8CUB8HCV1
8HBN8VE30,27,184,8HBN8VE30
8HBN8VE30,27,178,8CUB8HCV1
8HBY6B8QY,27,226,NULL
8HBY6B8QY,27,188,8HBY6B8QY
8HBY6B8QY,27,97,8CUB9367B
8HBY6B8QY,27,99,NULL
8HBY6B8QY,27,178,8CUB9367B
8HBY6B8QY,27,148,8CUB9367B
8HBY6B8QY,27,184,8HBY6B8QY
8HBY6B8QY,27,2013,8CUB9367B
8HBY6B8QY,27,77,8HBY6B8QY
8HBY6B8QY,27,175,8CUB9367B
8HBY6B8QY,27,3008,8CUB9367B
8HBY6B8QY,27,10000,8CUB9367B
8HBP3JHXT,27,97,8CUB9E15J
8HBP3JHXT,27,10000,8CUB9E15J
8HBP3JHXT,27,99,NULL
8HBP3JHXT,27,178,8CUB9E15J
8HBP3JHXT,27,148,8CUB9E15J
8HBP3JHXT,27,175,8CUB9E15J
8HBP3JHXT,27,226,NULL
8HBTR90Y2,27,10000,8CUBD26L1
8HBTR90Y2,27,184,8HBTR90Y2
8HBTR90Y2,27,192,NULL
8HBTR90Y2,27,3008,8CUBD26L1
8HBTR90Y2,27,99,NULL
8HBTR90Y2,27,77,8HBTR90Y2
8HBTR90Y2,27,193,NULL
8HBTR90Y2,27,188,8HBTR90Y2
8HBTR90Y2,27,226,NULL
8HB23L6JM,27,99,NULL
8HB23L6JM,27,10000,8CUBFRH3G
8HB23L6JM,27,226,NULL
8HB9MKOQ3,27,188,8HB9MKOQ3
8HB9MKOQ3,27,184,8HB9MKOQ3
8HB9MKOQ3,27,226,NULL
8HB9MKOQ3,27,99,NULL
8HB9MKOQ3,27,77,8HB9MKOQ3
8HB9MKOQ3,27,10000,8CUBI7U44
8HBD56K2T,27,10000,8CUBL3VH4
8HBD56K2T,27,184,8HBD56K2T
8HBD56K2T,27,188,8HBD56K2T
8HBD56K2T,27,3008,8CUBL3VH4
8HBD56K2T,27,226,NULL
8HBD56K2T,27,192,NULL
8HBD56K2T,27,193,NULL
8HBD56K2T,27,77,8HBD56K2T
8HBD56K2T,27,99,NULL
8HBL2PV67,27,148,8CUBR5671
8HBL2PV67,27,192,NULL
8HBL2PV67,27,184,8HBL2PV67
8HBL2PV67,27,226,NULL
8HBL2PV67,27,175,8CUBR5671
8HBL2PV67,27,77,8HBL2PV67
8HBL2PV67,27,145,8CUBR5671
8HBL2PV67,27,82,8CUBR5671
8HBL2PV67,27,84,8HBL2PV67
8HBL2PV67,27,55,540547642
8HBL2PV67,27,3015,8CUBR5671
8HBL2PV67,27,11,540547642
8HBL2PV67,27,109,8CUBR5671
8HBL2PV67,27,193,NULL
8HBL2PV67,27,178,8CUBR5671
8HBL2PV67,27,99,NULL
8HBL2PV67,27,10000,8CUBR5671
8HBL2PV67,27,188,8HBL2PV67
8HBL2PV67,27,80,8CUBR5671
8HBL2PV67,27,97,8CUBR5671
8HBL2PV67,27,3008,8CUBR5671
8HB277720,27,99,NULL
8HB277720,27,77,8HB277720
8HB277720,27,56,8CUBU34W6
8HB277720,27,184,8HB277720
8HB277720,27,178,8CUBU34W6
8HB277720,27,97,8CUBU34W6
8HB277720,27,175,8CUBU34W6
8HB277720,27,82,8CUBU34W6
8HB277720,27,80,8CUBU34W6
8HB277720,27,226,NULL
8HB277720,27,109,8CUBU34W6
8HB277720,27,188,8HB277720
8HB277720,27,148,8CUBU34W6
8HB277720,27,10000,8CUBU34W6
8HB277720,27,145,100600
8HB277720,27,192,NULL
8HB277720,27,3008,8CUBU34W6
8HB277720,27,84,8HB277720
8HB277720,27,193,NULL
8HBDF42YY,27,192,NULL
8HBDF42YY,27,77,8HBDF42YY
8HBDF42YY,27,184,8HBDF42YY
8HBDF42YY,27,214,8CUBW375Y
8HBDF42YY,27,97,8CUBW375Y
8HBDF42YY,27,10000,8CUBW375Y
8HBDF42YY,27,175,8CUBW375Y
8HBDF42YY,27,178,8CUBW375Y
8HBDF42YY,27,203,8CUBW375Y
8HBDF42YY,27,222,8CUBW375Y
8HBDF42YY,27,84,8HBDF42YY
8HBDF42YY,27,188,8HBDF42YY
8HBDF42YY,27,226,NULL
8HBDF42YY,27,193,NULL
8HBDF42YY,27,99,NULL
8HBDF42YY,27,80,8CUBW375Y
8HBDF42YY,27,3008,8CUBW375Y
8HBDF42YY,27,201,8CUBW375Y
8HB156RDO,27,3015,8CUC163X0
8HB156RDO,27,10000,8CUC163X0
8HB156RDO,27,145,100600
8HB156RDO,27,175,8CUC163X0
8HB156RDO,27,56,8CUC163X0
8HB156RDO,27,55,540514895
8HB156RDO,27,84,8HB156RDO
8HB156RDO,27,97,8CUC163X0
8HB156RDO,27,226,NULL
8HB156RDO,27,109,8CUC163X0
8HB156RDO,27,77,8HB156RDO
8HB156RDO,27,188,8HB156RDO
8HB156RDO,27,11,540514895
8HB156RDO,27,184,8HB156RDO
8HB156RDO,27,80,8CUC163X0
8HB156RDO,27,99,NULL
8HB156RDO,27,148,8CUC163X0
8HB156RDO,27,82,8CUC163X0
8HB156RDO,27,178,8CUC163X0
8HB97B1U4,27,184,8HB97B1U4
8HB97B1U4,27,226,NULL
8HB97B1U4,27,99,NULL
8HB97B1U4,27,3008,8CUC3I801
8HB97B1U4,27,193,NULL
8HB97B1U4,27,188,8HB97B1U4
8HB97B1U4,27,77,8HB97B1U4
8HB97B1U4,27,192,NULL
8HB97B1U4,27,10000,8CUC3I801
8HBB86U11,27,192,NULL
8HBB86U11,27,184,8HBB86U11
8HBB86U11,27,99,NULL
8HBB86U11,27,193,NULL
8HBB86U11,27,188,8HBB86U11
8HBB86U11,27,3008,8CUC44S85
8HBB86U11,27,226,NULL
8HBB86U11,27,10000,8CUC44S85
8HBB86U11,27,77,8HBB86U11
8HBF1S160,27,99,NULL
8HBF1S160,27,10000,8CUCA7G57
8HB1466O1,27,175,8CUCQ56DD
8HB1466O1,27,201,8CUCQ56DD
8HB1466O1,27,188,8HB1466O1
8HB1466O1,27,97,8CUCQ56DD
8HB1466O1,27,222,8CUCQ56DD
8HB1466O1,27,203,8CUCQ56DD
8HB1466O1,27,184,8HB1466O1
8HB1466O1,27,214,8CUCQ56DD
8HB1466O1,27,99,NULL
8HB1466O1,27,80,8CUCQ56DD
8HB1466O1,27,77,8HB1466O1
8HB1466O1,27,10000,8CUCQ56DD
8HB1466O1,27,178,8CUCQ56DD
8HB1466O1,27,226,NULL
8HB3847JS,27,148,8CUCUQ5W8
8HB3847JS,27,99,NULL
8HB3847JS,27,175,8CUCUQ5W8
8HB3847JS,27,188,8HB3847JS
8HB3847JS,27,3015,8CUCUQ5W8
8HB3847JS,27,97,8CUCUQ5W8
8HB3847JS,27,226,NULL
8HB3847JS,27,203,8CUCUQ5W8
8HB3847JS,27,2013,8CUCUQ5W8
8HB3847JS,27,77,8HB3847JS
8HB3847JS,27,178,8CUCUQ5W8
8HB3847JS,27,11,8CUCUQ5W8
8HB3847JS,27,184,8HB3847JS
8HB3847JS,27,10000,8CUCUQ5W8
8HB3847JS,27,3008,8CUCUQ5W8
8HB8253GS,27,3008,8CUD515ZY
8HB8253GS,27,226,NULL
8HB8253GS,27,184,8HB8253GS
8HB8253GS,27,192,NULL
8HB8253GS,27,188,8HB8253GS
8HB8253GS,27,77,8HB8253GS
8HB8253GS,27,99,NULL
8HB8253GS,27,193,NULL
8HB8253GS,27,10000,8CUD515ZY
8HBC6S590,27,99,NULL
8HBC6S590,27,10000,8CUD5RFOH
8HBC6S590,27,184,8HBC6S590
8HBC6S590,27,77,8HBC6S590
8HBC6S590,27,226,NULL
8HBC6S590,27,188,8HBC6S590
8HBE8WF07,27,226,NULL
8HBE8WF07,27,10000,8CUD6P8A7
8HBE8WF07,27,99,NULL
8HB6QRY32,27,77,8HB6QRY32
8HB6QRY32,27,3008,8CUDR7VI3
8HB6QRY32,27,188,8HB6QRY32
8HB6QRY32,27,99,NULL
8HB6QRY32,27,10000,8CUDR7VI3
8HB6QRY32,27,184,8HB6QRY32
8HB6QRY32,27,55,540899030
8HB4629RS,27,188,8HB4629RS
8HB4629RS,27,193,NULL
8HB4629RS,27,226,NULL
8HB4629RS,27,10000,8CUE8215Q
8HB4629RS,27,99,NULL
8HB4629RS,27,77,8HB4629RS
8HB4629RS,27,192,NULL
8HB4629RS,27,3008,8CUE8215Q
8HB4629RS,27,184,8HB4629RS
8HBW2Y2V2,27,192,NULL
8HBW2Y2V2,27,175,8CUEFCDPM
8HBW2Y2V2,27,97,8CUEFCDPM
8HBW2Y2V2,27,41,8CUEFCDPM
8HBW2Y2V2,27,184,8HBW2Y2V2
8HBW2Y2V2,27,178,8CUEFCDPM
8HBW2Y2V2,27,3008,8CUEFCDPM
8HBW2Y2V2,27,193,NULL
8HBW2Y2V2,27,226,NULL
8HBW2Y2V2,27,188,8HBW2Y2V2
8HBW2Y2V2,27,10000,8CUEFCDPM
8HBW2Y2V2,27,126,8CUEFCDPM
8HBW2Y2V2,27,77,8HBW2Y2V2
8HBW2Y2V2,27,82,8CUEFCDPM
8HBW2Y2V2,27,99,NULL
8HBW2Y2V2,27,102,8CUEFCDPM
8HBW2Y2V2,27,84,8HBW2Y2V2
8HBW2Y2V2,27,86,8CUEFCDPM
8HBW2Y2V2,27,148,8CUEFCDPM
8HBW2Y2V2,27,109,8CUEFCDPM
8HBW2Y2V2,27,80,8CUEFCDPM
8HB3K2RIK,27,99,NULL
8HB3K2RIK,27,188,8HB3K2RIK
8HB3K2RIK,27,10000,8CUEJSJF5
8HB3K2RIK,27,77,8HB3K2RIK
8HB3K2RIK,27,226,NULL
8HB3K2RIK,27,184,8HB3K2RIK
8HBH593Y1,27,203,8CUEYJ2LS
8HBH593Y1,27,3015,8CUEYJ2LS
8HBH593Y1,27,214,8CUEYJ2LS
8HBH593Y1,27,188,8HBH593Y1
8HBH593Y1,27,226,NULL
8HBH593Y1,27,222,8CUEYJ2LS
8HBH593Y1,27,3008,8CUEYJ2LS
8HBH593Y1,27,77,8HBH593Y1
8HBH593Y1,27,97,8CUEYJ2LS
8HBH593Y1,27,99,NULL
8HBH593Y1,27,175,8CUEYJ2LS
8HBH593Y1,27,10000,8CUEYJ2LS
8HBH593Y1,27,178,8CUEYJ2LS
8HBH593Y1,27,80,8CUEYJ2LS
8HBH593Y1,27,201,8CUEYJ2LS
8HBH593Y1,27,184,8HBH593Y1
8HB4Y7681,27,99,NULL
8HB4Y7681,27,226,NULL
8HB4Y7681,27,184,8HB4Y7681
8HB4Y7681,27,77,8HB4Y7681
8HB4Y7681,27,188,8HB4Y7681
8HB4Y7681,27,10000,8CUF1OOWM
8HBEV429B,27,226,NULL
8HBEV429B,27,188,8HBEV429B
8HBEV429B,27,184,8HBEV429B
8HBEV429B,27,99,NULL
8HBEV429B,27,77,8HBEV429B
8HBEV429B,27,10000,8CUF7J2FL
8HB9C45M4,27,99,NULL
8HB9C45M4,27,226,NULL
8HB9C45M4,27,10000,8CUFV6BR9
8HB9C45M4,27,77,8HB9C45M4
8HB9C45M4,27,188,8HB9C45M4
8HB9C45M4,27,184,8HB9C45M4
8HBFDI6L4,27,184,8HBFDI6L4
8HBFDI6L4,27,10000,8CUFXGC14
8HBFDI6L4,27,192,NULL
8HBFDI6L4,27,3008,8CUFXGC14
8HBFDI6L4,27,193,NULL
8HBFDI6L4,27,226,NULL
8HBFDI6L4,27,77,8HBFDI6L4
8HBFDI6L4,27,188,8HBFDI6L4
8HBFDI6L4,27,99,NULL
8HBH57866,27,226,NULL
8HBH57866,27,77,8HBH57866
8HBH57866,27,184,8HBH57866
8HBH57866,27,188,8HBH57866
8HBH57866,27,99,NULL
8HBH57866,27,10000,8CUG46373
8HBO3OYFZ,27,10000,8CUGF877Q
8HBO3OYFZ,27,99,NULL
8HB98M8O3,27,84,8HB98M8O3
8HB98M8O3,27,192,NULL
8HB98M8O3,27,188,8HB98M8O3
8HB98M8O3,27,77,8HB98M8O3
8HB98M8O3,27,97,8CUGMP215
8HB98M8O3,27,145,100600
8HB98M8O3,27,178,8CUGMP215
8HB98M8O3,27,99,NULL
8HB98M8O3,27,148,8CUGMP215
8HB98M8O3,27,175,8CUGMP215
8HB98M8O3,27,109,8CUGMP215
8HB98M8O3,27,3015,8CUGMP215
8HB98M8O3,27,82,8CUGMP215
8HB98M8O3,27,184,8HB98M8O3
8HB98M8O3,27,80,8CUGMP215
8HB98M8O3,27,226,NULL
8HB98M8O3,27,193,NULL
8HB98M8O3,27,56,8CUGMP215
8HB98M8O3,27,10000,8CUGMP215
8HBQ64D1C,27,82,8CUGQ3723
8HBQ64D1C,27,56,8CUGQ3723
8HBQ64D1C,27,193,NULL
8HBQ64D1C,27,97,8CUGQ3723
8HBQ64D1C,27,99,NULL
8HBQ64D1C,27,192,NULL
8HBQ64D1C,27,10000,8CUGQ3723
8HBQ64D1C,27,3015,8CUGQ3723
8HBYJU1FK,27,148,8CUGV1Q39
8HBYJU1FK,27,141,8CUGV1Q39
8HBYJU1FK,27,108,8CUGV1Q39
8HBYJU1FK,27,86,8CUGV1Q39
8HBYJU1FK,27,193,NULL
8HBYJU1FK,27,3008,8CUGV1Q39
8HBYJU1FK,27,192,NULL
8HBYJU1FK,27,80,8CUGV1Q39
8HBYJU1FK,27,184,8HBYJU1FK
8HBYJU1FK,27,175,8CUGV1Q39
8HBYJU1FK,27,77,8HBYJU1FK
8HBYJU1FK,27,102,8CUGV1Q39
8HBYJU1FK,27,226,NULL
8HBYJU1FK,27,3015,8CUGV1Q39
8HBYJU1FK,27,109,8CUGV1Q39
8HBYJU1FK,27,97,8CUGV1Q39
8HBYJU1FK,27,188,8HBYJU1FK
8HBYJU1FK,27,41,8CUGV1Q39
8HBYJU1FK,27,10000,8CUGV1Q39
8HBYJU1FK,27,178,8CUGV1Q39
8HBYJU1FK,27,99,NULL
8HB12M3P9,27,226,NULL
8HB12M3P9,27,175,8CUGVLO1J
8HB12M3P9,27,97,8CUGVLO1J
8HB12M3P9,27,148,8CUGVLO1J
8HB12M3P9,27,80,8CUGVLO1J
8HB12M3P9,27,192,NULL
8HB12M3P9,27,178,8CUGVLO1J
8HB12M3P9,27,193,NULL
8HB12M3P9,27,99,NULL
8HB12M3P9,27,82,8CUGVLO1J
8HB12M3P9,27,109,8CUGVLO1J
8HB12M3P9,27,10000,8CUGVLO1J
8HB1F11C1,27,99,NULL
8HB1F11C1,27,226,NULL
8HB1F11C1,27,188,8HB1F11C1
8HB1F11C1,27,77,8HB1F11C1
8HB1F11C1,27,10000,8CUH1E659
8HB1F11C1,27,184,8HB1F11C1
8HB5PE8Y3,27,3008,8CUH2SW75
8HB5PE8Y3,27,184,8HB5PE8Y3
8HB5PE8Y3,27,193,NULL
8HB5PE8Y3,27,226,NULL
8HB5PE8Y3,27,188,8HB5PE8Y3
8HB5PE8Y3,27,77,8HB5PE8Y3
8HB5PE8Y3,27,10000,8CUH2SW75
8HB5PE8Y3,27,192,NULL
8HB5PE8Y3,27,99,NULL
8HBJ25FRU,27,226,NULL
8HBJ25FRU,27,77,8HBJ25FRU
8HBJ25FRU,27,192,NULL
8HBJ25FRU,27,99,NULL
8HBJ25FRU,27,184,8HBJ25FRU
8HBJ25FRU,27,3008,8CUHF8DWR
8HBJ25FRU,27,188,8HBJ25FRU
8HBJ25FRU,27,193,NULL
8HBJ25FRU,27,10000,8CUHF8DWR
8HBHTF346,27,10000,8CUHHO4Q3
8HBHTF346,27,99,NULL
8HBHTF346,27,77,8HBHTF346
8HBHTF346,27,188,8HBHTF346
8HBHTF346,27,184,8HBHTF346
8HBHTF346,27,226,NULL
8HB7M31PC,27,99,NULL
8HB7M31PC,27,10000,8CUHJUNB5
8HB7M31PC,27,184,8HB7M31PC
8HB7M31PC,27,77,8HB7M31PC
8HB7M31PC,27,188,8HB7M31PC
8HB7M31PC,27,226,NULL
8HB7M31PC,27,178,8CUHJUNB5
8HB7M31PC,27,3008,8CUHJUNB5
8HB7M31PC,27,192,NULL
8HB7M31PC,27,97,8CUHJUNB5
8HB7M31PC,27,193,NULL
8HB7M31PC,27,175,8CUHJUNB5
8HB7M31PC,27,148,8CUHJUNB5
8HBNO18B3,27,10000,8CUHS8VUM
8HBNO18B3,27,178,8CUHS8VUM
8HBNO18B3,27,109,8CUHS8VUM
8HBNO18B3,27,82,8CUHS8VUM
8HBNO18B3,27,99,NULL
8HBNO18B3,27,3015,8CUHS8VUM
8HBNO18B3,27,188,8HBNO18B3
8HBNO18B3,27,226,NULL
8HBNO18B3,27,77,8HBNO18B3
8HBNO18B3,27,175,8CUHS8VUM
8HBNO18B3,27,97,8CUHS8VUM
8HBNO18B3,27,3008,8CUHS8VUM
8HBNO18B3,27,80,8CUHS8VUM
8HBNO18B3,27,193,NULL
8HBNO18B3,27,86,8CUHS8VUM
8HBNO18B3,27,192,NULL
8HBNO18B3,27,148,8CUHS8VUM
8HBNO18B3,27,184,8HBNO18B3
8HBNO18B3,27,84,8HBNO18B3
8HB2X161T,27,193,NULL
8HB2X161T,27,226,NULL
8HB2X161T,27,184,8HB2X161T
8HB2X161T,27,10000,8CUHUYB1U
8HB2X161T,27,3008,8CUHUYB1U
8HB2X161T,27,99,NULL
8HB2X161T,27,188,8HB2X161T
8HB2X161T,27,192,NULL
8HB2X161T,27,77,8HB2X161T
8HBG9PBJN,27,82,8CUI88M26
8HBG9PBJN,27,10000,8CUI88M26
8HBG9PBJN,27,99,NULL
8HBG9PBJN,27,3015,8CUI88M26
8HBG9PBJN,27,77,8HBG9PBJN
8HBG9PBJN,27,226,NULL
8HBG9PBJN,27,56,8CUI88M26
8HBG9PBJN,27,192,NULL
8HBG9PBJN,27,84,8HBG9PBJN
8HBG9PBJN,27,97,8CUI88M26
8HBG9PBJN,27,193,NULL
8HBG9PBJN,27,184,8HBG9PBJN
8HBG9PBJN,27,188,8HBG9PBJN
8HB878O5W,27,10000,8CUI897KX
8HB878O5W,27,99,NULL
8HBEJQM7U,27,3008,8CUI98B1T
8HBEJQM7U,27,226,NULL
8HBEJQM7U,27,10000,8CUI98B1T
8HBEJQM7U,27,188,8HBEJQM7U
8HBEJQM7U,27,184,8HBEJQM7U
8HBEJQM7U,27,193,NULL
8HBEJQM7U,27,99,NULL
8HBEJQM7U,27,192,NULL
8HBEJQM7U,27,77,8HBEJQM7U
8HB278IZF,27,99,NULL
8HB278IZF,27,10000,8CUJCF02T
8HBLL7RBL,27,3008,8CUJJ817Y
8HBLL7RBL,27,184,8HBLL7RBL
8HBLL7RBL,27,175,8CUJJ817Y
8HBLL7RBL,27,97,8CUJJ817Y
8HBLL7RBL,27,192,NULL
8HBLL7RBL,27,99,NULL
8HBLL7RBL,27,80,8CUJJ817Y
8HBLL7RBL,27,188,8HBLL7RBL
8HBLL7RBL,27,10000,8CUJJ817Y
8HBLL7RBL,27,203,8CUJJ817Y
8HBLL7RBL,27,77,8HBLL7RBL
8HBLL7RBL,27,222,8CUJJ817Y
8HBLL7RBL,27,214,8CUJJ817Y
8HBLL7RBL,27,178,8CUJJ817Y
8HBLL7RBL,27,193,NULL
8HBLL7RBL,27,201,8CUJJ817Y
8HBEAREM9,27,3008,8CUK3RR38
8HBEAREM9,27,184,8HBEAREM9
8HBEAREM9,27,188,8HBEAREM9
8HBEAREM9,27,226,NULL
8HBEAREM9,27,193,NULL
8HBEAREM9,27,10000,8CUK3RR38
8HBEAREM9,27,192,NULL
8HBEAREM9,27,99,NULL
8HBEAREM9,27,77,8HBEAREM9
8HBJHFBU0,27,214,8CUK7I189
8HBJHFBU0,27,80,8CUK7I189
8HBJHFBU0,27,184,8HBJHFBU0
8HBJHFBU0,27,3015,8CUK7I189
8HBJHFBU0,27,3008,8CUK7I189
8HBJHFBU0,27,193,NULL
8HBJHFBU0,27,178,8CUK7I189
8HBJHFBU0,27,192,NULL
8HBJHFBU0,27,203,8CUK7I189
8HBJHFBU0,27,148,8CUK7I189
8HBJHFBU0,27,201,8CUK7I189
8HBJHFBU0,27,99,NULL
8HBJHFBU0,27,2013,8CUK7I189
8HBJHFBU0,27,175,8CUK7I189
8HBJHFBU0,27,222,8CUK7I189
8HBJHFBU0,27,10000,8CUK7I189
8HBJHFBU0,27,188,8HBJHFBU0
8HBJHFBU0,27,226,NULL
8HBJHFBU0,27,97,8CUK7I189
8HBJHFBU0,27,77,8HBJHFBU0
8HBX214G5,27,77,8HBX214G5
8HBX214G5,27,175,8CUK8J423
8HBX214G5,27,192,NULL
8HBX214G5,27,178,8CUK8J423
8HBX214G5,27,97,8CUK8J423
8HBX214G5,27,99,NULL
8HBX214G5,27,193,NULL
8HBX214G5,27,3008,8CUK8J423
8HBX214G5,27,226,NULL
8HBX214G5,27,84,8HBX214G5
8HBX214G5,27,80,8CUK8J423
8HBX214G5,27,82,8CUK8J423
8HBX214G5,27,184,8HBX214G5
8HBX214G5,27,188,8HBX214G5
8HBX214G5,27,148,8CUK8J423
8HBX214G5,27,109,8CUK8J423
8HBX214G5,27,10000,8CUK8J423
8HB3G013Q,27,99,NULL
8HB3G013Q,27,175,8CUKK3E8P
8HB3G013Q,27,10000,8CUKK3E8P
8HB3G013Q,27,184,8HB3G013Q
8HB3G013Q,27,178,8CUKK3E8P
8HB3G013Q,27,148,8CUKK3E8P
8HB3G013Q,27,97,8CUKK3E8P
8HB3G013Q,27,3008,8CUKK3E8P
8HB3G013Q,27,188,8HB3G013Q
8HB3G013Q,27,77,8HB3G013Q
8HB3G013Q,27,3015,8CUKK3E8P
8HBPQLKR2,27,99,NULL
8HBPQLKR2,27,77,8HBPQLKR2
8HBPQLKR2,27,80,8CUL09F8O
8HBPQLKR2,27,178,8CUL09F8O
8HBPQLKR2,27,82,8CUL09F8O
8HBPQLKR2,27,184,8HBPQLKR2
8HBPQLKR2,27,226,NULL
8HBPQLKR2,27,97,8CUL09F8O
8HBPQLKR2,27,3015,8CUL09F8O
8HBPQLKR2,27,188,8HBPQLKR2
8HBPQLKR2,27,203,8CUL09F8O
8HBPQLKR2,27,175,8CUL09F8O
8HBPQLKR2,27,193,NULL
8HBPQLKR2,27,192,8CUL09F8O
8HBPQLKR2,27,109,8CUL09F8O
8HBPQLKR2,27,10000,8CUL09F8O
8HBPQLKR2,27,148,8CUL09F8O
8HBB93V66,27,77,8HBB93V66
8HBB93V66,27,184,8HBB93V66
8HBB93V66,27,188,8HBB93V66
8HBB93V66,27,10000,8CUL595J1
8HBB93V66,27,99,NULL
8HBB93V66,27,226,NULL
8HB64144M,27,99,NULL
8HB64144M,27,226,NULL
8HB64144M,27,10000,8CULJB4I7
8HBIM1XL3,27,178,8CULJY881
8HBIM1XL3,27,226,NULL
8HBIM1XL3,27,188,8HBIM1XL3
8HBIM1XL3,27,97,8CULJY881
8HBIM1XL3,27,99,NULL
8HBIM1XL3,27,184,8HBIM1XL3
8HBIM1XL3,27,10000,8CULJY881
8HBIM1XL3,27,175,8CULJY881
8HBIM1XL3,27,201,8CULJY881
8HBIM1XL3,27,77,8HBIM1XL3
8HBIM1XL3,27,214,8CULJY881
8HBIM1XL3,27,222,8CULJY881
8HBIM1XL3,27,203,8CULJY881
8HBIM1XL3,27,80,8CULJY881
8HBSYV0G0,27,201,8CULQTXC2
8HBSYV0G0,27,226,NULL
8HBSYV0G0,27,184,8HBSYV0G0
8HBSYV0G0,27,80,8CULQTXC2
8HBSYV0G0,27,222,8CULQTXC2
8HBSYV0G0,27,3008,8CULQTXC2
8HBSYV0G0,27,175,8CULQTXC2
8HBSYV0G0,27,188,8HBSYV0G0
8HBSYV0G0,27,97,8CULQTXC2
8HBSYV0G0,27,99,NULL
8HBSYV0G0,27,10000,8CULQTXC2
8HBSYV0G0,27,203,8CULQTXC2
8HBSYV0G0,27,192,NULL
8HBSYV0G0,27,178,8CULQTXC2
8HBSYV0G0,27,214,8CULQTXC2
8HBSYV0G0,27,77,8HBSYV0G0
8HBSYV0G0,27,193,NULL
8HBD8189U,27,184,8HBD8189U
8HBD8189U,27,178,8CUM384L5
8HBD8189U,27,192,NULL
8HBD8189U,27,109,8CUM384L5
8HBD8189U,27,3008,8CUM384L5
8HBD8189U,27,80,8CUM384L5
8HBD8189U,27,193,NULL
8HBD8189U,27,82,8CUM384L5
8HBD8189U,27,99,NULL
8HBD8189U,27,148,8CUM384L5
8HBD8189U,27,97,8CUM384L5
8HBD8189U,27,226,NULL
8HBD8189U,27,175,8CUM384L5
8HBD8189U,27,10000,8CUM384L5
8HBD8189U,27,188,8HBD8189U
8HBD8189U,27,77,8HBD8189U
8HBQ97663,27,102,8CUM3MAHC
8HBQ97663,27,226,NULL
8HBQ97663,27,193,NULL
8HBQ97663,27,188,8HBQ97663
8HBQ97663,27,41,8CUM3MAHC
8HBQ97663,27,3008,8CUM3MAHC
8HBQ97663,27,192,NULL
8HBQ97663,27,77,8HBQ97663
8HBQ97663,27,184,8HBQ97663
8HBQ97663,27,10000,8CUM3MAHC
8HBQ97663,27,99,NULL
8HBQ97663,27,86,8CUM3MAHC
8HBWQYP4J,27,188,8HBWQYP4J
8HBWQYP4J,27,77,8HBWQYP4J
8HBWQYP4J,27,3008,8CUM4T57L
8HBWQYP4J,27,184,8HBWQYP4J
8HBWQYP4J,27,99,NULL
8HBWQYP4J,27,10000,8CUM4T57L
8HBMX1W11,27,99,NULL
8HBMX1W11,27,226,NULL
8HBMX1W11,27,184,8HBMX1W11
8HBMX1W11,27,188,8HBMX1W11
8HBMX1W11,27,77,8HBMX1W11
8HBMX1W11,27,10000,8CUM7W11A
8HBAP2UPO,27,99,NULL
8HBAP2UPO,27,3008,8CUMR4I7M
8HBAP2UPO,27,201,8CUMR4I7M
8HBAP2UPO,27,80,8CUMR4I7M
8HBAP2UPO,27,214,8CUMR4I7M
8HBAP2UPO,27,178,8CUMR4I7M
8HBAP2UPO,27,222,8CUMR4I7M
8HBAP2UPO,27,55,540877079
8HBAP2UPO,27,10000,8CUMR4I7M
8HBAP2UPO,27,193,NULL
8HBAP2UPO,27,188,8HBAP2UPO
8HBAP2UPO,27,77,8HBAP2UPO
8HBAP2UPO,27,226,NULL
8HBAP2UPO,27,97,8CUMR4I7M
8HBAP2UPO,27,203,8CUMR4I7M
8HBAP2UPO,27,184,8HBAP2UPO
8HBAP2UPO,27,175,8CUMR4I7M
8HBAP2UPO,27,192,NULL
8HBWJ8MI9,27,193,NULL
8HBWJ8MI9,27,77,8HBWJ8MI9
8HBWJ8MI9,27,3008,8CUMS176I
8HBWJ8MI9,27,226,NULL
8HBWJ8MI9,27,99,NULL
8HBWJ8MI9,27,188,8HBWJ8MI9
8HBWJ8MI9,27,192,NULL
8HBWJ8MI9,27,184,8HBWJ8MI9
8HBWJ8MI9,27,10000,8CUMS176I
8HB32VI99,27,99,NULL
8HB32VI99,27,10000,8CUMV9T0O
8HB4R1LEP,27,10000,8CUMX8F5O
8HB4R1LEP,27,77,8HB4R1LEP
8HB4R1LEP,27,188,8HB4R1LEP
8HB4R1LEP,27,99,NULL
8HB4R1LEP,27,184,8HB4R1LEP
8HB4K2255,27,3008,8CUNCF003
8HB4K2255,27,188,8HB4K2255
8HB4K2255,27,184,8HB4K2255
8HB4K2255,27,99,NULL
8HB4K2255,27,192,NULL
8HB4K2255,27,193,NULL
8HB4K2255,27,10000,8CUNCF003
8HB4K2255,27,226,NULL
8HB4K2255,27,77,8HB4K2255
8HB9U89I5,27,10000,8CUNU014P
8HB9U89I5,27,193,NULL
8HB9U89I5,27,188,8HB9U89I5
8HB9U89I5,27,184,8HB9U89I5
8HB9U89I5,27,99,NULL
8HB9U89I5,27,3008,8CUNU014P
8HB9U89I5,27,192,NULL
8HB9U89I5,27,77,8HB9U89I5
8HB9U89I5,27,226,NULL
8HB53483N,27,184,8HB53483N
8HB53483N,27,77,8HB53483N
8HB53483N,27,226,NULL
8HB53483N,27,99,NULL
8HB53483N,27,188,8HB53483N
8HB53483N,27,10000,8CUNYG375
8HBRYSNSC,27,193,NULL
8HBRYSNSC,27,192,NULL
8HBRYSNSC,27,99,NULL
8HBRYSNSC,27,77,8HBRYSNSC
8HBRYSNSC,27,188,8HBRYSNSC
8HBRYSNSC,27,10000,8CUO15575
8HBRYSNSC,27,3008,8CUO15575
8HBRYSNSC,27,184,8HBRYSNSC
8HB7X36J0,27,77,8HB7X36J0
8HB7X36J0,27,192,NULL
8HB7X36J0,27,56,8CUO54ADB
8HB7X36J0,27,11,540538315
8HB7X36J0,27,80,8CUO54ADB
8HB7X36J0,27,82,8CUO54ADB
8HB7X36J0,27,97,8CUO54ADB
8HB7X36J0,27,109,8CUO54ADB
8HB7X36J0,27,3008,8CUO54ADB
8HB7X36J0,27,99,NULL
8HB7X36J0,27,84,8HB7X36J0
8HB7X36J0,27,148,8CUO54ADB
8HB7X36J0,27,10000,8CUO54ADB
8HB7X36J0,27,188,8HB7X36J0
8HB7X36J0,27,226,NULL
8HB7X36J0,27,178,8CUO54ADB
8HB7X36J0,27,193,NULL
8HB7X36J0,27,175,8CUO54ADB
8HB7X36J0,27,184,8HB7X36J0
8HBT0ST62,27,77,8HBT0ST62
8HBT0ST62,27,3008,8CUO5AOFK
8HBT0ST62,27,193,NULL
8HBT0ST62,27,178,8CUO5AOFK
8HBT0ST62,27,148,8CUO5AOFK
8HBT0ST62,27,10000,8CUO5AOFK
8HBT0ST62,27,99,NULL
8HBT0ST62,27,188,8HBT0ST62
8HBT0ST62,27,226,NULL
8HBT0ST62,27,175,8CUO5AOFK
8HBT0ST62,27,97,8CUO5AOFK
8HBT0ST62,27,192,NULL
8HBT0ST62,27,184,8HBT0ST62
8HBLD5248,27,226,NULL
8HBLD5248,27,10000,8CUOJM812
8HBLD5248,27,77,8HBLD5248
8HBLD5248,27,192,NULL
8HBLD5248,27,99,NULL
8HBLD5248,27,188,8HBLD5248
8HBLD5248,27,3008,8CUOJM812
8HBLD5248,27,184,8HBLD5248
8HBLD5248,27,193,NULL
8HB8LA0N9,27,188,8HB8LA0N9
8HB8LA0N9,27,226,NULL
8HB8LA0N9,27,222,8CUON4R2N
8HB8LA0N9,27,77,8HB8LA0N9
8HB8LA0N9,27,175,8CUON4R2N
8HB8LA0N9,27,3008,8CUON4R2N
8HB8LA0N9,27,184,8HB8LA0N9
8HB8LA0N9,27,214,8CUON4R2N
8HB8LA0N9,27,99,NULL
8HB8LA0N9,27,10000,8CUON4R2N
8HB8LA0N9,27,178,8CUON4R2N
8HB8LA0N9,27,201,8CUON4R2N
8HB8LA0N9,27,203,8CUON4R2N
8HB8LA0N9,27,80,8CUON4R2N
8HB8LA0N9,27,97,8CUON4R2N
8HBGT4SCR,27,201,8CUOU8X52
8HBGT4SCR,27,3008,8CUOU8X52
8HBGT4SCR,27,214,8CUOU8X52
8HBGT4SCR,27,175,8CUOU8X52
8HBGT4SCR,27,192,NULL
8HBGT4SCR,27,226,NULL
8HBGT4SCR,27,10000,8CUOU8X52
8HBGT4SCR,27,99,NULL
8HBGT4SCR,27,80,8CUOU8X52
8HBGT4SCR,27,97,8CUOU8X52
8HBGT4SCR,27,203,8CUOU8X52
8HBGT4SCR,27,193,NULL
8HBGT4SCR,27,77,8HBGT4SCR
8HBGT4SCR,27,178,8CUOU8X52
8HBGT4SCR,27,184,8HBGT4SCR
8HBGT4SCR,27,55,540868934
8HBGT4SCR,27,222,8CUOU8X52
8HBGT4SCR,27,188,8HBGT4SCR
8HB93J6UO,27,99,NULL
8HB93J6UO,27,188,8HB93J6UO
8HB93J6UO,27,10000,8CUOZ17MT
8HB93J6UO,27,3015,8CUOZ17MT
8HB93J6UO,27,184,8HB93J6UO
8HB93J6UO,27,77,8HB93J6UO
8HB93J6UO,27,226,NULL
8HBK424KS,27,77,8HBK424KS
8HBK424KS,27,193,NULL
8HBK424KS,27,184,8HBK424KS
8HBK424KS,27,3008,8CUP4B9A8
8HBK424KS,27,10000,8CUP4B9A8
8HBK424KS,27,99,NULL
8HBK424KS,27,188,8HBK424KS
8HBK424KS,27,192,NULL
8HBK424KS,27,226,NULL
8HBX3W5XU,27,99,NULL
8HBX3W5XU,27,10000,8CUP70D63
8HBX3W5XU,27,226,NULL
8HBSWE2YW,27,178,8CUP8KW72
8HBSWE2YW,27,222,8CUP8KW72
8HBSWE2YW,27,97,8CUP8KW72
8HBSWE2YW,27,188,8HBSWE2YW
8HBSWE2YW,27,201,8CUP8KW72
8HBSWE2YW,27,214,8CUP8KW72
8HBSWE2YW,27,80,8CUP8KW72
8HBSWE2YW,27,99,NULL
8HBSWE2YW,27,203,8CUP8KW72
8HBSWE2YW,27,10000,8CUP8KW72
8HBSWE2YW,27,226,NULL
8HBSWE2YW,27,184,8HBSWE2YW
8HBSWE2YW,27,175,8CUP8KW72
8HBSWE2YW,27,77,8HBSWE2YW
8HB7WS3TY,27,188,8HB7WS3TY
8HB7WS3TY,27,184,8HB7WS3TY
8HB7WS3TY,27,3008,8CUPC27L6
8HB7WS3TY,27,10000,8CUPC27L6
8HB7WS3TY,27,226,NULL
8HB7WS3TY,27,99,NULL
8HB7WS3TY,27,77,8HB7WS3TY
8HB296EN3,27,99,NULL
8HB296EN3,27,192,NULL
8HB296EN3,27,3008,8CUPT6B3R
8HB296EN3,27,226,NULL
8HB296EN3,27,184,8HB296EN3
8HB296EN3,27,10000,8CUPT6B3R
8HB296EN3,27,193,NULL
8HB296EN3,27,175,8CUPT6B3R
8HB296EN3,27,178,8CUPT6B3R
8HB296EN3,27,3015,8CUPT6B3R
8HB296EN3,27,97,8CUPT6B3R
8HB296EN3,27,2013,8CUPT6B3R
8HB296EN3,27,148,8CUPT6B3R
8HB296EN3,27,188,8HB296EN3
8HB296EN3,27,77,8HB296EN3
8HB1IT8E4,27,192,NULL
8HB1IT8E4,27,3008,8CUPUJ3VT
8HB1IT8E4,27,226,NULL
8HB1IT8E4,27,77,8HB1IT8E4
8HB1IT8E4,27,184,8HB1IT8E4
8HB1IT8E4,27,99,NULL
8HB1IT8E4,27,10000,8CUPUJ3VT
8HB1IT8E4,27,188,8HB1IT8E4
8HB1IT8E4,27,193,NULL
8HBP7W544,27,192,NULL
8HBP7W544,27,99,NULL
8HBP7W544,27,3008,8CUQ7H27F
8HBP7W544,27,10000,8CUQ7H27F
8HBP7W544,27,193,NULL
8HBP7W544,27,226,NULL
8HB345H43,27,188,8HB345H43
8HB345H43,27,3008,8CUQEPJ16
8HB345H43,27,77,8HB345H43
8HB345H43,27,184,8HB345H43
8HB345H43,27,3015,8CUQEPJ16
8HB345H43,27,148,8CUQEPJ16
8HB345H43,27,175,8CUQEPJ16
8HB345H43,27,99,NULL
8HB345H43,27,226,NULL
8HB345H43,27,97,8CUQEPJ16
8HB345H43,27,178,8CUQEPJ16
8HB345H43,27,10000,8CUQEPJ16
8HB3XTJD3,27,193,NULL
8HB3XTJD3,27,99,NULL
8HB3XTJD3,27,192,NULL
8HB3XTJD3,27,226,NULL
8HB3XTJD3,27,10000,8CUQN2T90
8HBTM4FFX,27,10000,8CUQV6UHV
8HBTM4FFX,27,77,8HBTM4FFX
8HBTM4FFX,27,99,NULL
8HBTM4FFX,27,188,8HBTM4FFX
8HBTM4FFX,27,193,NULL
8HBTM4FFX,27,3008,8CUQV6UHV
8HBTM4FFX,27,184,8HBTM4FFX
8HBTM4FFX,27,192,NULL
8HB1EWN7Z,27,192,NULL
8HB1EWN7Z,27,109,8CUR41H36
8HB1EWN7Z,27,80,8CUR41H36
8HB1EWN7Z,27,82,8CUR41H36
8HB1EWN7Z,27,56,8CUR41H36
8HB1EWN7Z,27,193,NULL
8HB1EWN7Z,27,99,NULL
8HB1EWN7Z,27,97,8CUR41H36
8HB1EWN7Z,27,10000,8CUR41H36
8HB1EWN7Z,27,3008,8CUR41H36
8HB1EWN7Z,27,11,540538318
8HBGR4Q51,27,3015,8CURT3U3N
8HBGR4Q51,27,193,NULL
8HBGR4Q51,27,184,8HBGR4Q51
8HBGR4Q51,27,86,8CURT3U3N
8HBGR4Q51,27,97,8CURT3U3N
8HBGR4Q51,27,178,8CURT3U3N
8HBGR4Q51,27,99,NULL
8HBGR4Q51,27,175,8CURT3U3N
8HBGR4Q51,27,77,8HBGR4Q51
8HBGR4Q51,27,3008,8CURT3U3N
8HBGR4Q51,27,148,8CURT3U3N
8HBGR4Q51,27,41,8CURT3U3N
8HBGR4Q51,27,10000,8CURT3U3N
8HBGR4Q51,27,188,8HBGR4Q51
8HBGR4Q51,27,226,NULL
8HBGR4Q51,27,192,NULL
8HBGR4Q51,27,102,8CURT3U3N
8HBGR4Q51,27,109,8CURT3U3N
8HB32K2F4,27,192,NULL
8HB32K2F4,27,77,8HB32K2F4
8HB32K2F4,27,193,NULL
8HB32K2F4,27,10000,8CURT47E2
8HB32K2F4,27,3008,8CURT47E2
8HB32K2F4,27,99,NULL
8HB32K2F4,27,188,8HB32K2F4
8HB32K2F4,27,184,8HB32K2F4
8HBNH4835,27,193,NULL
8HBNH4835,27,222,8CUS02378
8HBNH4835,27,77,8HBNH4835
8HBNH4835,27,80,8CUS02378
8HBNH4835,27,99,NULL
8HBNH4835,27,178,8CUS02378
8HBNH4835,27,10000,8CUS02378
8HBNH4835,27,192,NULL
8HBNH4835,27,201,8CUS02378
8HBNH4835,27,184,8HBNH4835
8HBNH4835,27,175,8CUS02378
8HBNH4835,27,3008,8CUS02378
8HBNH4835,27,214,8CUS02378
8HBNH4835,27,203,8CUS02378
8HBNH4835,27,188,8HBNH4835
8HBNH4835,27,97,8CUS02378
8HBNH4835,27,226,NULL
8HBL01V7O,27,188,8HBL01V7O
8HBL01V7O,27,99,NULL
8HBL01V7O,27,10000,8CUS7IDX6
8HBL01V7O,27,192,NULL
8HBL01V7O,27,226,NULL
8HBL01V7O,27,77,8HBL01V7O
8HBL01V7O,27,193,NULL
8HBL01V7O,27,184,8HBL01V7O
8HBL01V7O,27,3008,8CUS7IDX6
8HB6ZV5GL,27,192,NULL
8HB6ZV5GL,27,184,8HB6ZV5GL
8HB6ZV5GL,27,10000,8CUT2R13V
8HB6ZV5GL,27,99,NULL
8HB6ZV5GL,27,188,8HB6ZV5GL
8HB6ZV5GL,27,3008,8CUT2R13V
8HB6ZV5GL,27,226,NULL
8HB6ZV5GL,27,193,NULL
8HB6ZV5GL,27,77,8HB6ZV5GL
8HBKH44MV,27,193,NULL
8HBKH44MV,27,99,NULL
8HBKH44MV,27,226,NULL
8HBKH44MV,27,10000,8CUTH2H18
8HBKH44MV,27,192,NULL
8HBKH44MV,27,188,8HBKH44MV
8HBKH44MV,27,77,8HBKH44MV
8HBKH44MV,27,3008,8CUTH2H18
8HBKH44MV,27,184,8HBKH44MV
8HBGTE83S,27,10000,8CUTX14AQ
8HBGTE83S,27,86,NULL
8HBGTE83S,27,226,NULL
8HBGTE83S,27,3008,8CUTX14AQ
8HBGTE83S,27,99,NULL
8HBGTE83S,27,84,8HBGTE83S
8HBGTE83S,27,41,8CU2F8XLJ
8HBGTE83S,27,193,NULL
8HBGTE83S,27,188,8HBGTE83S
8HBGTE83S,27,184,8HBGTE83S
8HBGTE83S,27,3015,8CUTX14AQ
8HBGTE83S,27,11,8CUTX14AQ
8HBGTE83S,27,192,NULL
8HBGTE83S,27,77,8HBGTE83S
8HB65TH36,27,10000,8CUUJ1L86
8HB65TH36,27,77,8HB65TH36
8HB65TH36,27,99,NULL
8HB65TH36,27,184,8HB65TH36
8HB65TH36,27,188,8HB65TH36
8HB65TH36,27,226,NULL
8HB45KBMJ,27,77,8HB45KBMJ
8HB45KBMJ,27,188,8HB45KBMJ
8HB45KBMJ,27,184,8HB45KBMJ
8HB45KBMJ,27,99,NULL
8HB45KBMJ,27,226,NULL
8HB45KBMJ,27,10000,8CUUK54S8
8HB9BULTM,27,188,8HB9BULTM
8HB9BULTM,27,10000,8CUV5QBLY
8HB9BULTM,27,99,NULL
8HB9BULTM,27,77,8HB9BULTM
8HB9BULTM,27,184,8HB9BULTM
8HB87V4V8,27,148,8CUV88C63
8HB87V4V8,27,77,8HB87V4V8
8HB87V4V8,27,226,NULL
8HB87V4V8,27,188,8HB87V4V8
8HB87V4V8,27,3015,8CUV88C63
8HB87V4V8,27,3008,8CUV88C63
8HB87V4V8,27,178,8CUV88C63
8HB87V4V8,27,175,8CUV88C63
8HB87V4V8,27,99,NULL
8HB87V4V8,27,184,8HB87V4V8
8HB87V4V8,27,97,8CUV88C63
8HB87V4V8,27,10000,8CUV88C63
8HBCS8XU0,27,188,8HBCS8XU0
8HBCS8XU0,27,226,NULL
8HBCS8XU0,27,99,NULL
8HBCS8XU0,27,148,8CUV8CVQ3
8HBCS8XU0,27,109,8CUV8CVQ3
8HBCS8XU0,27,84,8HBCS8XU0
8HBCS8XU0,27,193,NULL
8HBCS8XU0,27,77,8HBCS8XU0
8HBCS8XU0,27,10000,8CUV8CVQ3
8HBCS8XU0,27,175,8CUV8CVQ3
8HBCS8XU0,27,145,8CUV8CVQ3
8HBCS8XU0,27,82,8CUV8CVQ3
8HBCS8XU0,27,184,8HBCS8XU0
8HBCS8XU0,27,192,NULL
8HBCS8XU0,27,178,8CUV8CVQ3
8HBCS8XU0,27,97,8CUV8CVQ3
8HBCS8XU0,27,80,8CUV8CVQ3
8HBCS8XU0,27,3008,8CUV8CVQ3
8HBF7L1Q1,27,226,NULL
8HBF7L1Q1,27,99,NULL
8HBF7L1Q1,27,188,8HBF7L1Q1
8HBF7L1Q1,27,77,8HBF7L1Q1
8HBF7L1Q1,27,10000,8CUVC2YU4
8HBF7L1Q1,27,184,8HBF7L1Q1
8HB9P40EN,27,10000,8CUVGNQ2X
8HB9P40EN,27,184,8HB9P40EN
8HB9P40EN,27,188,8HB9P40EN
8HB9P40EN,27,77,8HB9P40EN
8HB9P40EN,27,3008,8CUVGNQ2X
8HB9P40EN,27,99,NULL
8HB1HK7EU,27,99,NULL
8HB1HK7EU,27,10000,8CUVGXD58
8HB1HK7EU,27,97,8CUVGXD58
8HB1HK7EU,27,222,8CUVGXD58
8HB1HK7EU,27,175,8CUVGXD58
8HB1HK7EU,27,80,8CUVGXD58
8HB1HK7EU,27,77,8HB1HK7EU
8HB1HK7EU,27,184,8HB1HK7EU
8HB1HK7EU,27,203,8CUVGXD58
8HB1HK7EU,27,201,8CUVGXD58
8HB1HK7EU,27,214,8CUVGXD58
8HB1HK7EU,27,226,NULL
8HB1HK7EU,27,3008,8CUVGXD58
8HB1HK7EU,27,178,8CUVGXD58
8HB1HK7EU,27,3015,8CUVGXD58
8HB1HK7EU,27,188,8HB1HK7EU
8HBIV332K,27,222,8CUVHW3JG
8HBIV332K,27,97,8CUVHW3JG
8HBIV332K,27,184,8HBIV332K
8HBIV332K,27,188,8HBIV332K
8HBIV332K,27,148,8CUVHW3JG
8HBIV332K,27,77,8HBIV332K
8HBIV332K,27,99,NULL
8HBIV332K,27,3008,8CUVHW3JG
8HBIV332K,27,214,8CUVHW3JG
8HBIV332K,27,175,8CUVHW3JG
8HBIV332K,27,2013,8CUVHW3JG
8HBIV332K,27,203,8CUVHW3JG
8HBIV332K,27,80,8CUVHW3JG
8HBIV332K,27,55,540880717
8HBIV332K,27,178,8CUVHW3JG
8HBIV332K,27,226,NULL
8HBIV332K,27,10000,8CUVHW3JG
8HBIV332K,27,201,8CUVHW3JG
8HB1PP5US,27,10000,8CUVJ715D
8HB1PP5US,27,175,8CUVJ715D
8HB1PP5US,27,99,NULL
8HB1PP5US,27,203,8CUVJ715D
8HB1PP5US,27,77,8HB1PP5US
8HB1PP5US,27,178,8CUVJ715D
8HB1PP5US,27,184,8HB1PP5US
8HB1PP5US,27,2013,8CUVJ715D
8HB1PP5US,27,188,8HB1PP5US
8HB1PP5US,27,214,8CUVJ715D
8HB1PP5US,27,148,8CUVJ715D
8HB1PP5US,27,80,8CUVJ715D
8HB1PP5US,27,3015,8CUVJ715D
8HB1PP5US,27,97,8CUVJ715D
8HB1PP5US,27,3008,8CUVJ715D
8HB1PP5US,27,193,NULL
8HB1PP5US,27,201,8CUVJ715D
8HB1PP5US,27,226,NULL
8HB1PP5US,27,222,8CUVJ715D
8HB1PP5US,27,192,NULL
8HBZ8HG51,27,10000,8CUVSGS7I
8HBZ8HG51,27,226,NULL
8HBZ8HG51,27,99,NULL
8HBZ8HG51,27,184,8HBZ8HG51
8HBZ8HG51,27,77,8HBZ8HG51
8HBZ8HG51,27,3008,8CUVSGS7I
8HBZ8HG51,27,188,8HBZ8HG51
8HBY3C57D,27,99,NULL
8HBY3C57D,27,10000,8CUW74T8V
8HBY3C57D,27,226,NULL
8HB7MF4VD,27,3008,8CUW8Y42D
8HB7MF4VD,27,82,8CUW8Y42D
8HB7MF4VD,27,184,8HB7MF4VD
8HB7MF4VD,27,109,8CUW8Y42D
8HB7MF4VD,27,10000,8CUW8Y42D
8HB7MF4VD,27,226,NULL
8HB7MF4VD,27,80,8CUW8Y42D
8HB7MF4VD,27,77,8HB7MF4VD
8HB7MF4VD,27,193,NULL
8HB7MF4VD,27,192,NULL
8HB7MF4VD,27,56,8CUW8Y42D
8HB7MF4VD,27,97,8CUW8Y42D
8HB7MF4VD,27,3015,8CUW8Y42D
8HB7MF4VD,27,188,8HB7MF4VD
8HB7MF4VD,27,84,8HB7MF4VD
8HB7MF4VD,27,99,NULL
8HBV13Y44,27,193,NULL
8HBV13Y44,27,3008,8CUWESSYP
8HBV13Y44,27,192,NULL
8HBV13Y44,27,188,8HBV13Y44
8HBV13Y44,27,10000,8CUWESSYP
8HBV13Y44,27,184,8HBV13Y44
8HBV13Y44,27,226,NULL
8HBV13Y44,27,99,NULL
8HBV13Y44,27,77,8HBV13Y44
8HB52H78H,27,3008,8CUWI2PB8
8HB52H78H,27,10000,8CUWI2PB8
8HB52H78H,27,188,8HB52H78H
8HB52H78H,27,193,NULL
8HB52H78H,27,226,NULL
8HB52H78H,27,184,8HB52H78H
8HB52H78H,27,77,8HB52H78H
8HB52H78H,27,192,NULL
8HB52H78H,27,99,NULL
8HBUT1136,27,184,8HBUT1136
8HBUT1136,27,10000,8CUWQQZ15
8HBUT1136,27,77,8HBUT1136
8HBUT1136,27,99,NULL
8HBUT1136,27,3008,8CUWQQZ15
8HBUT1136,27,188,8HBUT1136
8HB4WZ381,27,99,NULL
8HB4WZ381,27,226,NULL
8HB4WZ381,27,188,8HB4WZ381
8HB4WZ381,27,77,8HB4WZ381
8HB4WZ381,27,184,8HB4WZ381
8HB4WZ381,27,10000,8CUWXLP2J
8HBEF2PU6,27,77,8HBEF2PU6
8HBEF2PU6,27,214,8CUX2YTRQ
8HBEF2PU6,27,10000,8CUX2YTRQ
8HBEF2PU6,27,201,8CUX2YTRQ
8HBEF2PU6,27,80,8CUX2YTRQ
8HBEF2PU6,27,203,8CUX2YTRQ
8HBEF2PU6,27,222,8CUX2YTRQ
8HBEF2PU6,27,148,8CUX2YTRQ
8HBEF2PU6,27,226,NULL
8HBEF2PU6,27,99,NULL
8HBEF2PU6,27,188,8HBEF2PU6
8HBEF2PU6,27,97,8CUX2YTRQ
8HBEF2PU6,27,184,8HBEF2PU6
8HBEF2PU6,27,109,8CUX2YTRQ
8HBEF2PU6,27,84,8HBEF2PU6
8HBEF2PU6,27,192,NULL
8HBEF2PU6,27,175,8CUX2YTRQ
8HBEF2PU6,27,193,NULL
8HBEF2PU6,27,145,100600
8HBEF2PU6,27,178,8CUX2YTRQ
8HBEF2PU6,27,82,8CUX2YTRQ
8HB1X5N26,27,192,NULL
8HB1X5N26,27,148,8CUX315M1
8HB1X5N26,27,145,8CUX315M1
8HB1X5N26,27,82,8CUX315M1
8HB1X5N26,27,99,NULL
8HB1X5N26,27,80,8CUX315M1
8HB1X5N26,27,193,NULL
8HB1X5N26,27,3015,8CUX315M1
8HB1X5N26,27,109,8CUX315M1
8HB1X5N26,27,97,8CUX315M1
8HB1X5N26,27,175,8CUX315M1
8HB1X5N26,27,226,NULL
8HB1X5N26,27,10000,8CUX315M1
8HB1X5N26,27,184,8HB1X5N26
8HB1X5N26,27,188,8HB1X5N26
8HB1X5N26,27,77,8HB1X5N26
8HB1X5N26,27,3008,8CUX315M1
8HB1X5N26,27,84,8HB1X5N26
8HB1X5N26,27,178,8CUX315M1
8HB1X5N26,27,56,8CUX315M1
8HBV0GWK7,27,10000,8CUX55NQP
8HBV0GWK7,27,99,NULL
8HBV0GWK7,27,77,8HBV0GWK7
8HBV0GWK7,27,192,NULL
8HBV0GWK7,27,193,NULL
8HBV0GWK7,27,3008,8CUX55NQP
8HBV0GWK7,27,184,8HBV0GWK7
8HBV0GWK7,27,188,8HBV0GWK7
8HBV0GWK7,27,226,NULL
8HBS17485,27,3008,8CUX6JO32
8HBS17485,27,99,NULL
8HBS17485,27,10000,8CUX6JO32
8HBS17485,27,226,NULL
8HBS17485,27,192,NULL
8HBS17485,27,193,NULL
8HBS17485,27,188,8HBS17485
8HBS17485,27,184,8HBS17485
8HBS17485,27,77,8HBS17485
8HBAB276N,27,10000,8CUX81597
8HBAB276N,27,82,8CUX81597
8HBAB276N,27,175,8CUX81597
8HBAB276N,27,222,8CUX81597
8HBAB276N,27,214,8CUX81597
8HBAB276N,27,77,8HBAB276N
8HBAB276N,27,178,8CUX81597
8HBAB276N,27,203,8CUX81597
8HBAB276N,27,99,NULL
8HBAB276N,27,192,NULL
8HBAB276N,27,3008,8CUX81597
8HBAB276N,27,193,NULL
8HBAB276N,27,226,NULL
8HBAB276N,27,84,8CUX81597
8HBAB276N,27,56,8CUX81597
8HBAB276N,27,97,8CUX81597
8HBAB276N,27,184,8HBAB276N
8HBAB276N,27,188,8HBAB276N
8HBAB276N,27,201,8CUX81597
8HBAB276N,27,80,8CUX81597
8HB6Q5N71,27,193,NULL
8HB6Q5N71,27,99,NULL
8HB6Q5N71,27,55,540879574
8HB6Q5N71,27,226,NULL
8HB6Q5N71,27,10000,8CUX8F2U0
8HB6Q5N71,27,192,NULL
8HB6Q5N71,27,3008,8CUX8F2U0
8HBGU3ON1,27,226,NULL
8HBGU3ON1,27,184,8HBGU3ON1
8HBGU3ON1,27,10000,8CUY32R83
8HBGU3ON1,27,188,8HBGU3ON1
8HBGU3ON1,27,77,8HBGU3ON1
8HBGU3ON1,27,99,NULL
8HBXX760J,27,226,NULL
8HBXX760J,27,77,8HBXX760J
8HBXX760J,27,188,8HBXX760J
8HBXX760J,27,3008,8CUY7455S
8HBXX760J,27,99,NULL
8HBXX760J,27,184,8HBXX760J
8HBXX760J,27,10000,8CUY7455S
8HBY4Q8U4,27,80,8CUY9QH93
8HBY4Q8U4,27,3015,8CUY9QH93
8HBY4Q8U4,27,10000,8CUY9QH93
8HBY4Q8U4,27,148,8CUY9QH93
8HBY4Q8U4,27,188,8HBY4Q8U4
8HBY4Q8U4,27,184,8HBY4Q8U4
8HBY4Q8U4,27,97,8CUY9QH93
8HBY4Q8U4,27,203,8CUY9QH93
8HBY4Q8U4,27,214,8CUY9QH93
8HBY4Q8U4,27,222,8CUY9QH93
8HBY4Q8U4,27,77,8HBY4Q8U4
8HBY4Q8U4,27,175,8CUY9QH93
8HBY4Q8U4,27,201,8CUY9QH93
8HBY4Q8U4,27,2013,8CUY9QH93
8HBY4Q8U4,27,226,NULL
8HBY4Q8U4,27,99,NULL
8HBY4Q8U4,27,3008,8CUY9QH93
8HBY4Q8U4,27,178,8CUY9QH93
8HBJCHEVI,27,99,NULL
8HBJCHEVI,27,201,8CUYA3DH1
8HBJCHEVI,27,178,8CUYA3DH1
8HBJCHEVI,27,226,NULL
8HBJCHEVI,27,193,NULL
8HBJCHEVI,27,175,8CUYA3DH1
8HBJCHEVI,27,222,8CUYA3DH1
8HBJCHEVI,27,80,8CUYA3DH1
8HBJCHEVI,27,3008,8CUYA3DH1
8HBJCHEVI,27,184,8HBJCHEVI
8HBJCHEVI,27,97,8CUYA3DH1
8HBJCHEVI,27,10000,8CUYA3DH1
8HBJCHEVI,27,188,8HBJCHEVI
8HBJCHEVI,27,77,8HBJCHEVI
8HBJCHEVI,27,203,8CUYA3DH1
8HBJCHEVI,27,192,NULL
8HBJCHEVI,27,214,8CUYA3DH1
8HB43JMPB,27,77,8HB43JMPB
8HB43JMPB,27,148,8CUYKGW48
8HB43JMPB,27,99,NULL
8HB43JMPB,27,201,8CUYKGW48
8HB43JMPB,27,178,8CUYKGW48
8HB43JMPB,27,188,8HB43JMPB
8HB43JMPB,27,222,8CUYKGW48
8HB43JMPB,27,214,8CUYKGW48
8HB43JMPB,27,184,8HB43JMPB
8HB43JMPB,27,10000,8CUYKGW48
8HB43JMPB,27,175,8CUYKGW48
8HB43JMPB,27,86,8CUYKGW48
8HB43JMPB,27,193,NULL
8HB43JMPB,27,84,8HB43JMPB
8HB43JMPB,27,80,8CUYKGW48
8HB43JMPB,27,192,NULL
8HB43JMPB,27,203,8CUYKGW48
8HB43JMPB,27,109,8CUYKGW48
8HB43JMPB,27,97,8CUYKGW48
8HB43JMPB,27,82,8CUYKGW48
8HB43JMPB,27,3008,8CUYKGW48
8HB43JMPB,27,2013,8CUYKGW48
8HB43JMPB,27,3015,8CUYKGW48
8HB43JMPB,27,226,NULL
8HB665977,27,188,8HB665977
8HB665977,27,178,8CUYX2CY2
8HB665977,27,97,8CUYX2CY2
8HB665977,27,3008,8CUYX2CY2
8HB665977,27,77,8HB665977
8HB665977,27,84,8HB665977
8HB665977,27,109,8CUYX2CY2
8HB665977,27,56,8CUYX2CY2
8HB665977,27,148,8CUYX2CY2
8HB665977,27,99,NULL
8HB665977,27,10000,8CUYX2CY2
8HB665977,27,80,8CUYX2CY2
8HB665977,27,192,NULL
8HB665977,27,226,NULL
8HB665977,27,184,8HB665977
8HB665977,27,193,NULL
8HB665977,27,175,8CUYX2CY2
8HB665977,27,82,8CUYX2CY2
8HBIXWS3T,27,77,8HBIXWS3T
8HBIXWS3T,27,99,NULL
8HBIXWS3T,27,188,8HBIXWS3T
8HBIXWS3T,27,184,8HBIXWS3T
8HBIXWS3T,27,10000,8CUZPR283
8HBIXWS3T,27,226,NULL
8HBY6FI2N,27,99,NULL
8HBY6FI2N,27,10000,8CUZSMF63
8HBY6FI2N,27,226,NULL
8HBY6FI2N,27,188,8HBY6FI2N
8HBY6FI2N,27,77,8HBY6FI2N
8HBY6FI2N,27,184,8HBY6FI2N
